cve_id,published
CVE-1999-0095,1988-10-01T04:00:00.000
CVE-1999-0082,1988-11-11T05:00:00.000
CVE-1999-1471,1989-01-01T05:00:00.000
CVE-1999-1122,1989-07-26T04:00:00.000
CVE-1999-1467,1989-10-26T04:00:00.000
CVE-1999-1506,1990-01-29T05:00:00.000
CVE-1999-0084,1990-05-01T04:00:00.000
CVE-2000-0388,1990-05-09T04:00:00.000
CVE-1999-0209,1990-08-14T04:00:00.000
CVE-1999-1198,1990-10-03T04:00:00.000
CVE-1999-1391,1990-10-03T04:00:00.000
CVE-1999-1392,1990-10-03T04:00:00.000
CVE-1999-1057,1990-10-25T04:00:00.000
CVE-1999-1554,1990-10-31T05:00:00.000
CVE-1999-1197,1990-12-20T05:00:00.000
CVE-1999-1115,1990-12-31T05:00:00.000
CVE-1999-1258,1991-01-15T05:00:00.000
CVE-1999-1438,1991-02-22T05:00:00.000
CVE-1999-1211,1991-03-27T05:00:00.000
CVE-1999-1212,1991-03-27T05:00:00.000
CVE-1999-1194,1991-05-01T04:00:00.000
CVE-1999-1193,1991-05-14T04:00:00.000
CVE-1999-1123,1991-05-20T04:00:00.000
CVE-1999-1034,1991-05-23T04:00:00.000
CVE-1999-1415,1991-08-23T04:00:00.000
CVE-1999-1090,1991-09-10T04:00:00.000
CVE-1999-0498,1991-09-27T04:00:00.000
CVE-1999-1468,1991-10-22T04:00:00.000
CVE-1999-0167,1991-12-06T05:00:00.000
CVE-1999-1493,1991-12-18T05:00:00.000
CVE-1999-1032,1991-12-31T05:00:00.000
CVE-1999-1059,1992-02-25T05:00:00.000
CVE-1999-0627,1992-03-01T05:00:00.000
CVE-1999-1121,1992-03-19T05:00:00.000
CVE-1999-0117,1992-03-31T05:00:00.000
CVE-1999-1119,1992-04-27T04:00:00.000
CVE-1999-1142,1992-05-27T04:00:00.000
CVE-1999-0168,1992-06-04T04:00:00.000
CVE-1999-0214,1992-07-21T04:00:00.000
CVE-1999-1396,1992-07-21T04:00:00.000
CVE-1999-1395,1992-11-17T05:00:00.000
CVE-1999-1306,1992-12-10T05:00:00.000
CVE-1999-1466,1992-12-10T05:00:00.000
CVE-1999-1021,1992-12-30T05:00:00.000
CVE-1999-1056,1992-12-31T05:00:00.000
CVE-1999-0312,1993-01-13T05:00:00.000
CVE-1999-1507,1993-02-03T05:00:00.000
CVE-1999-1218,1993-02-18T05:00:00.000
CVE-1999-1312,1993-02-24T05:00:00.000
CVE-1999-1216,1993-04-22T04:00:00.000
CVE-1999-1162,1993-05-24T04:00:00.000
CVE-1999-0124,1993-08-09T04:00:00.000
CVE-1999-1215,1993-09-16T04:00:00.000
CVE-1999-1138,1993-09-17T04:00:00.000
CVE-1999-1318,1993-09-17T04:00:00.000
CVE-1999-0145,1993-09-30T04:00:00.000
CVE-1999-1137,1993-10-01T04:00:00.000
CVE-1999-0334,1993-12-16T05:00:00.000
CVE-1999-0181,1994-01-01T05:00:00.000
CVE-1999-1242,1994-02-07T05:00:00.000
CVE-1999-0211,1994-02-14T05:00:00.000
CVE-1999-0338,1994-02-24T05:00:00.000
CVE-1999-0120,1994-03-21T05:00:00.000
CVE-1999-1135,1994-04-20T04:00:00.000
CVE-1999-1146,1994-05-04T04:00:00.000
CVE-1999-1388,1994-05-13T04:00:00.000
CVE-1999-1134,1994-05-18T04:00:00.000
CVE-1999-0113,1994-05-23T04:00:00.000
CVE-1999-0423,1994-06-01T04:00:00.000
CVE-1999-0337,1994-06-03T04:00:00.000
CVE-1999-0207,1994-06-09T04:00:00.000
CVE-1999-1239,1994-07-13T04:00:00.000
CVE-1999-1552,1994-07-20T04:00:00.000
CVE-1999-1494,1994-08-09T04:00:00.000
CVE-1999-1219,1994-08-11T04:00:00.000
CVE-1999-1238,1994-09-21T04:00:00.000
CVE-1999-1022,1994-10-02T04:00:00.000
CVE-1999-1310,1994-11-04T05:00:00.000
CVE-1999-1248,1994-11-30T05:00:00.000
CVE-1999-1302,1994-11-30T05:00:00.000
CVE-1999-1303,1994-11-30T05:00:00.000
CVE-1999-1304,1994-11-30T05:00:00.000
CVE-1999-1305,1994-11-30T05:00:00.000
CVE-2000-0508,1994-12-19T05:00:00.000
CVE-1999-0077,1995-01-01T05:00:00.000
CVE-1999-0232,1995-02-01T05:00:00.000
CVE-1999-0235,1995-02-17T05:00:00.000
CVE-1999-0242,1995-03-01T05:00:00.000
CVE-1999-1098,1995-03-03T05:00:00.000
CVE-1999-1243,1995-03-03T05:00:00.000
CVE-1999-0151,1995-04-03T04:00:00.000
CVE-1999-1080,1995-05-10T04:00:00.000
CVE-1999-0066,1995-07-31T04:00:00.000
CVE-1999-0161,1995-07-31T04:00:00.000
CVE-1999-0172,1995-08-02T04:00:00.000
CVE-1999-0203,1995-08-17T04:00:00.000
CVE-1999-1580,1995-08-23T04:00:00.000
CVE-1999-0164,1995-08-29T04:00:00.000
CVE-1999-0155,1995-08-31T04:00:00.000
CVE-1999-0245,1995-09-07T04:00:00.000
CVE-1999-0218,1995-10-01T04:00:00.000
CVE-1999-0073,1995-10-13T04:00:00.000
CVE-1999-0099,1995-10-19T04:00:00.000
CVE-1999-0241,1995-11-01T05:00:00.000
CVE-1999-0080,1995-11-30T05:00:00.000
CVE-1999-0123,1995-12-01T05:00:00.000
CVE-1999-0316,1995-12-01T05:00:00.000
CVE-1999-0325,1995-12-01T05:00:00.000
CVE-1999-0208,1995-12-12T05:00:00.000
CVE-1999-1186,1996-01-02T05:00:00.000
CVE-1999-1319,1996-01-03T05:00:00.000
CVE-1999-1491,1996-02-02T05:00:00.000
CVE-1999-0103,1996-02-08T05:00:00.000
CVE-1999-0143,1996-02-21T05:00:00.000
CVE-1999-0233,1996-02-25T05:00:00.000
CVE-1999-0142,1996-03-01T05:00:00.000
CVE-1999-0067,1996-03-20T05:00:00.000
CVE-1999-0141,1996-03-29T05:00:00.000
CVE-1999-0070,1996-04-01T05:00:00.000
CVE-1999-1103,1996-04-03T05:00:00.000
CVE-1999-0078,1996-04-18T04:00:00.000
CVE-1999-0019,1996-04-24T04:00:00.000
CVE-1999-1314,1996-05-17T04:00:00.000
CVE-1999-1313,1996-05-23T04:00:00.000
CVE-1999-0522,1996-05-28T04:00:00.000
CVE-1999-0509,1996-05-29T04:00:00.000
CVE-1999-1205,1996-06-07T04:00:00.000
CVE-1999-1253,1996-06-07T04:00:00.000
CVE-1999-0138,1996-06-26T04:00:00.000
CVE-1999-0175,1996-07-01T04:00:00.000
CVE-1999-0022,1996-07-03T04:00:00.000
CVE-1999-0137,1996-07-09T04:00:00.000
CVE-1999-1301,1996-07-16T04:00:00.000
CVE-1999-1572,1996-07-16T04:00:00.000
CVE-1999-0023,1996-07-24T04:00:00.000
CVE-1999-0135,1996-07-25T04:00:00.000
CVE-1999-0136,1996-07-31T04:00:00.000
CVE-1999-0335,1996-08-01T04:00:00.000
CVE-1999-1413,1996-08-03T04:00:00.000
CVE-1999-0134,1996-08-06T04:00:00.000
CVE-1999-0133,1996-08-14T04:00:00.000
CVE-1999-0132,1996-08-15T04:00:00.000
CVE-1999-0085,1996-08-21T04:00:00.000
CVE-1999-1187,1996-08-26T04:00:00.000
CVE-1999-1309,1996-08-30T04:00:00.000
CVE-1999-0324,1996-09-01T04:00:00.000
CVE-1999-1252,1996-09-04T04:00:00.000
CVE-1999-0131,1996-09-11T04:00:00.000
CVE-1999-1383,1996-09-13T04:00:00.000
CVE-1999-1295,1996-09-17T04:00:00.000
CVE-1999-0116,1996-09-19T04:00:00.000
CVE-1999-0961,1996-09-21T04:00:00.000
CVE-1999-0206,1996-10-01T04:00:00.000
CVE-1999-0246,1996-10-01T04:00:00.000
CVE-1999-0308,1996-10-01T04:00:00.000
CVE-1999-0319,1996-10-01T04:00:00.000
CVE-1999-0234,1996-10-08T04:00:00.000
CVE-1999-0075,1996-10-16T04:00:00.000
CVE-1999-0032,1996-10-25T04:00:00.000
CVE-1999-0277,1996-10-28T05:00:00.000
CVE-1999-1384,1996-10-30T05:00:00.000
CVE-1999-0311,1996-11-01T05:00:00.000
CVE-1999-0336,1996-11-01T05:00:00.000
CVE-1999-1161,1996-11-03T05:00:00.000
CVE-1999-0130,1996-11-16T05:00:00.000
CVE-1999-1221,1996-11-17T05:00:00.000
CVE-1999-1099,1996-11-22T05:00:00.000
CVE-1999-1240,1996-11-26T05:00:00.000
CVE-1999-0050,1996-12-01T05:00:00.000
CVE-1999-0044,1996-12-03T05:00:00.000
CVE-1999-0129,1996-12-03T05:00:00.000
CVE-1999-0043,1996-12-04T05:00:00.000
CVE-1999-1401,1996-12-05T05:00:00.000
CVE-1999-0045,1996-12-10T05:00:00.000
CVE-1999-0096,1996-12-10T05:00:00.000
CVE-1999-0101,1996-12-10T05:00:00.000
CVE-1999-0297,1996-12-12T05:00:00.000
CVE-1999-1089,1996-12-13T05:00:00.000
CVE-1999-0128,1996-12-18T05:00:00.000
CVE-1999-0127,1996-12-19T05:00:00.000
CVE-1999-1385,1996-12-19T05:00:00.000
CVE-1999-1026,1996-12-20T05:00:00.000
CVE-1999-0260,1996-12-24T05:00:00.000
CVE-1999-1251,1996-12-24T05:00:00.000
CVE-1999-0100,1997-01-01T05:00:00.000
CVE-1999-0163,1997-01-01T05:00:00.000
CVE-1999-0166,1997-01-01T05:00:00.000
CVE-1999-0170,1997-01-01T05:00:00.000
CVE-1999-0171,1997-01-01T05:00:00.000
CVE-1999-0173,1997-01-01T05:00:00.000
CVE-1999-0178,1997-01-01T05:00:00.000
CVE-1999-0179,1997-01-01T05:00:00.000
CVE-1999-0180,1997-01-01T05:00:00.000
CVE-1999-0201,1997-01-01T05:00:00.000
CVE-1999-0202,1997-01-01T05:00:00.000
CVE-1999-0204,1997-01-01T05:00:00.000
CVE-1999-0217,1997-01-01T05:00:00.000
CVE-1999-0236,1997-01-01T05:00:00.000
CVE-1999-0249,1997-01-01T05:00:00.000
CVE-1999-0251,1997-01-01T05:00:00.000
CVE-1999-0252,1997-01-01T05:00:00.000
CVE-1999-0253,1997-01-01T05:00:00.000
CVE-1999-0265,1997-01-01T05:00:00.000
CVE-1999-0274,1997-01-01T05:00:00.000
CVE-1999-0345,1997-01-01T05:00:00.000
CVE-1999-0496,1997-01-01T05:00:00.000
CVE-1999-0499,1997-01-01T05:00:00.000
CVE-1999-0503,1997-01-01T05:00:00.000
CVE-1999-0504,1997-01-01T05:00:00.000
CVE-1999-0510,1997-01-01T05:00:00.000
CVE-1999-0511,1997-01-01T05:00:00.000
CVE-1999-0517,1997-01-01T05:00:00.000
CVE-1999-0518,1997-01-01T05:00:00.000
CVE-1999-0519,1997-01-01T05:00:00.000
CVE-1999-0521,1997-01-01T05:00:00.000
CVE-1999-0525,1997-01-01T05:00:00.000
CVE-1999-0534,1997-01-01T05:00:00.000
CVE-1999-0535,1997-01-01T05:00:00.000
CVE-1999-0550,1997-01-01T05:00:00.000
CVE-1999-0562,1997-01-01T05:00:00.000
CVE-1999-0572,1997-01-01T05:00:00.000
CVE-1999-0575,1997-01-01T05:00:00.000
CVE-1999-0576,1997-01-01T05:00:00.000
CVE-1999-0582,1997-01-01T05:00:00.000
CVE-1999-0626,1997-01-01T05:00:00.000
CVE-1999-1120,1997-01-04T05:00:00.000
CVE-1999-0051,1997-01-06T05:00:00.000
CVE-1999-1249,1997-01-06T05:00:00.000
CVE-1999-1145,1997-01-07T05:00:00.000
CVE-1999-1311,1997-01-07T05:00:00.000
CVE-1999-0049,1997-01-08T05:00:00.000
CVE-1999-1088,1997-01-09T05:00:00.000
CVE-1999-0081,1997-01-11T05:00:00.000
CVE-1999-0048,1997-01-27T05:00:00.000
CVE-1999-0966,1997-01-27T05:00:00.000
CVE-1999-0047,1997-01-28T05:00:00.000
CVE-1999-1144,1997-01-30T05:00:00.000
CVE-1999-0174,1997-02-01T05:00:00.000
CVE-1999-0309,1997-02-01T05:00:00.000
CVE-1999-0369,1997-02-01T05:00:00.000
CVE-1999-0959,1997-02-01T05:00:00.000
CVE-1999-1160,1997-02-02T05:00:00.000
CVE-1999-1299,1997-02-03T05:00:00.000
CVE-1999-0298,1997-02-05T05:00:00.000
CVE-1999-0046,1997-02-06T05:00:00.000
CVE-1999-0228,1997-02-07T05:00:00.000
CVE-1999-0109,1997-02-10T05:00:00.000
CVE-1999-0041,1997-02-13T05:00:00.000
CVE-1999-0868,1997-02-20T05:00:00.000
CVE-1999-0105,1997-03-01T05:00:00.000
CVE-1999-0106,1997-03-01T05:00:00.000
CVE-1999-0165,1997-03-01T05:00:00.000
CVE-1999-0318,1997-03-01T05:00:00.000
CVE-1999-0612,1997-03-01T05:00:00.000
CVE-1999-1128,1997-03-01T05:00:00.000
CVE-1999-1489,1997-03-04T05:00:00.000
CVE-1999-0299,1997-03-05T05:00:00.000
CVE-1999-1408,1997-03-05T05:00:00.000
CVE-1999-1525,1997-03-14T05:00:00.000
CVE-1999-0280,1997-04-01T05:00:00.000
CVE-1999-0292,1997-04-01T05:00:00.000
CVE-1999-0315,1997-04-01T05:00:00.000
CVE-1999-1387,1997-04-02T05:00:00.000
CVE-1999-0042,1997-04-07T04:00:00.000
CVE-1999-1298,1997-04-07T04:00:00.000
CVE-1999-0058,1997-04-17T04:00:00.000
CVE-1999-0149,1997-04-19T04:00:00.000
CVE-1999-0038,1997-04-26T04:00:00.000
CVE-1999-1296,1997-04-29T04:00:00.000
CVE-1999-0040,1997-05-01T04:00:00.000
CVE-1999-0112,1997-05-01T04:00:00.000
CVE-1999-1116,1997-05-03T04:00:00.000
CVE-1999-1380,1997-05-04T04:00:00.000
CVE-1999-1267,1997-05-05T04:00:00.000
CVE-1999-0039,1997-05-06T04:00:00.000
CVE-1999-1067,1997-05-07T04:00:00.000
CVE-1999-1398,1997-05-07T04:00:00.000
CVE-1999-1461,1997-05-07T04:00:00.000
CVE-1999-1286,1997-05-09T04:00:00.000
CVE-1999-1410,1997-05-09T04:00:00.000
CVE-1999-1158,1997-05-13T04:00:00.000
CVE-1999-1184,1997-05-13T04:00:00.000
CVE-1999-0962,1997-05-14T04:00:00.000
CVE-1999-1141,1997-05-15T04:00:00.000
CVE-1999-1232,1997-05-16T04:00:00.000
CVE-1999-1402,1997-05-17T04:00:00.000
CVE-1999-1191,1997-05-19T04:00:00.000
CVE-1999-1449,1997-05-19T04:00:00.000
CVE-1999-0037,1997-05-21T04:00:00.000
CVE-1999-0259,1997-05-23T04:00:00.000
CVE-1999-0036,1997-05-26T04:00:00.000
CVE-1999-0064,1997-05-26T04:00:00.000
CVE-1999-1143,1997-05-28T04:00:00.000
CVE-1999-0034,1997-05-29T04:00:00.000
CVE-1999-0035,1997-05-29T04:00:00.000
CVE-1999-0144,1997-06-01T04:00:00.000
CVE-1999-0227,1997-06-01T04:00:00.000
CVE-1999-0281,1997-06-01T04:00:00.000
CVE-1999-0799,1997-06-01T04:00:00.000
CVE-1999-0189,1997-06-04T04:00:00.000
CVE-1999-0275,1997-06-10T04:00:00.000
CVE-1999-0083,1997-06-11T04:00:00.000
CVE-1999-0033,1997-06-12T04:00:00.000
CVE-1999-1266,1997-06-13T04:00:00.000
CVE-1999-0957,1997-06-18T04:00:00.000
CVE-1999-1483,1997-06-19T04:00:00.000
CVE-1999-1192,1997-06-24T04:00:00.000
CVE-1999-1423,1997-06-26T04:00:00.000
CVE-1999-0074,1997-07-01T04:00:00.000
CVE-1999-0076,1997-07-01T04:00:00.000
CVE-1999-0111,1997-07-01T04:00:00.000
CVE-1999-0147,1997-07-01T04:00:00.000
CVE-1999-0150,1997-07-01T04:00:00.000
CVE-1999-0153,1997-07-01T04:00:00.000
CVE-1999-0156,1997-07-01T04:00:00.000
CVE-1999-0169,1997-07-01T04:00:00.000
CVE-1999-0184,1997-07-01T04:00:00.000
CVE-1999-0195,1997-07-01T04:00:00.000
CVE-1999-0219,1997-07-01T04:00:00.000
CVE-1999-0250,1997-07-01T04:00:00.000
CVE-1999-0526,1997-07-01T04:00:00.000
CVE-1999-0532,1997-07-01T04:00:00.000
CVE-1999-0533,1997-07-01T04:00:00.000
CVE-1999-0541,1997-07-01T04:00:00.000
CVE-1999-0628,1997-07-01T04:00:00.000
CVE-1999-1326,1997-07-04T04:00:00.000
CVE-1999-0031,1997-07-08T04:00:00.000
CVE-1999-0196,1997-07-08T04:00:00.000
CVE-1999-0176,1997-07-10T04:00:00.000
CVE-1999-1463,1997-07-10T04:00:00.000
CVE-1999-0059,1997-07-14T04:00:00.000
CVE-1999-0146,1997-07-15T04:00:00.000
CVE-1999-0025,1997-07-16T04:00:00.000
CVE-1999-0026,1997-07-16T04:00:00.000
CVE-1999-0027,1997-07-16T04:00:00.000
CVE-1999-0028,1997-07-16T04:00:00.000
CVE-1999-0029,1997-07-16T04:00:00.000
CVE-1999-0030,1997-07-16T04:00:00.000
CVE-1999-1182,1997-07-17T04:00:00.000
CVE-1999-0122,1997-07-21T04:00:00.000
CVE-1999-0247,1997-07-21T04:00:00.000
CVE-1999-1208,1997-07-21T04:00:00.000
CVE-1999-0971,1997-07-22T04:00:00.000
CVE-1999-1068,1997-07-23T04:00:00.000
CVE-1999-1217,1997-07-25T04:00:00.000
CVE-1999-1419,1997-07-30T04:00:00.000
CVE-1999-1308,1997-07-31T04:00:00.000
CVE-1999-0238,1997-08-01T04:00:00.000
CVE-1999-0301,1997-08-01T04:00:00.000
CVE-1999-0524,1997-08-01T04:00:00.000
CVE-1999-0566,1997-08-01T04:00:00.000
CVE-1999-1262,1997-08-01T04:00:00.000
CVE-1999-1446,1997-08-05T04:00:00.000
CVE-1999-0152,1997-08-11T04:00:00.000
CVE-1999-0024,1997-08-13T04:00:00.000
CVE-1999-1250,1997-08-19T04:00:00.000
CVE-1999-1399,1997-08-20T04:00:00.000
CVE-1999-1220,1997-08-24T04:00:00.000
CVE-1999-1225,1997-08-24T04:00:00.000
CVE-1999-0071,1997-09-01T04:00:00.000
CVE-1999-0115,1997-09-01T04:00:00.000
CVE-1999-0148,1997-09-01T04:00:00.000
CVE-1999-0177,1997-09-01T04:00:00.000
CVE-1999-0183,1997-09-01T04:00:00.000
CVE-1999-0191,1997-09-01T04:00:00.000
CVE-1999-0237,1997-09-01T04:00:00.000
CVE-1999-1133,1997-09-01T04:00:00.000
CVE-1999-1139,1997-09-01T04:00:00.000
CVE-1999-1275,1997-09-08T04:00:00.000
CVE-1999-0079,1997-09-12T04:00:00.000
CVE-1999-1214,1997-09-15T04:00:00.000
CVE-1999-0667,1997-09-19T04:00:00.000
CVE-1999-0956,1997-09-19T04:00:00.000
CVE-1999-0965,1997-09-19T04:00:00.000
CVE-1999-1125,1997-09-19T04:00:00.000
CVE-1999-0267,1997-09-23T04:00:00.000
CVE-1999-0282,1997-09-23T04:00:00.000
CVE-1999-0955,1997-09-23T04:00:00.000
CVE-1999-0182,1997-09-30T04:00:00.000
CVE-1999-0090,1997-10-01T04:00:00.000
CVE-1999-0160,1997-10-01T04:00:00.000
CVE-1999-0185,1997-10-01T04:00:00.000
CVE-1999-0272,1997-10-01T04:00:00.000
CVE-1999-0294,1997-10-01T04:00:00.000
CVE-1999-0295,1997-10-01T04:00:00.000
CVE-1999-0300,1997-10-01T04:00:00.000
CVE-1999-0326,1997-10-01T04:00:00.000
CVE-1999-1213,1997-10-01T04:00:00.000
CVE-1999-0061,1997-10-02T04:00:00.000
CVE-1999-1061,1997-10-04T04:00:00.000
CVE-1999-1062,1997-10-04T04:00:00.000
CVE-1999-1095,1997-10-06T04:00:00.000
CVE-1999-1224,1997-10-08T04:00:00.000
CVE-1999-0346,1997-10-16T04:00:00.000
CVE-1999-0192,1997-10-18T04:00:00.000
CVE-1999-0068,1997-10-19T04:00:00.000
CVE-1999-0072,1997-10-22T04:00:00.000
CVE-1999-1131,1997-10-24T04:00:00.000
CVE-1999-1261,1997-10-24T04:00:00.000
CVE-1999-0089,1997-10-28T05:00:00.000
CVE-1999-0091,1997-10-28T05:00:00.000
CVE-1999-0092,1997-10-29T05:00:00.000
CVE-1999-0093,1997-10-29T05:00:00.000
CVE-1999-0094,1997-10-29T05:00:00.000
CVE-1999-0097,1997-10-29T05:00:00.000
CVE-1999-0322,1997-10-29T05:00:00.000
CVE-1999-0216,1997-11-01T05:00:00.000
CVE-1999-0327,1997-11-01T05:00:00.000
CVE-1999-0328,1997-11-01T05:00:00.000
CVE-1999-0967,1997-11-01T05:00:00.000
CVE-1999-0306,1997-11-04T05:00:00.000
CVE-1999-0021,1997-11-05T05:00:00.000
CVE-1999-1069,1997-11-08T05:00:00.000
CVE-1999-1424,1997-11-10T05:00:00.000
CVE-1999-1425,1997-11-10T05:00:00.000
CVE-1999-1426,1997-11-10T05:00:00.000
CVE-1999-1427,1997-11-10T05:00:00.000
CVE-1999-1428,1997-11-10T05:00:00.000
CVE-1999-1210,1997-11-12T05:00:00.000
CVE-1999-1209,1997-11-20T05:00:00.000
CVE-1999-0210,1997-11-26T05:00:00.000
CVE-1999-1257,1997-11-26T05:00:00.000
CVE-1999-0016,1997-12-01T05:00:00.000
CVE-1999-0193,1997-12-01T05:00:00.000
CVE-1999-0244,1997-12-01T05:00:00.000
CVE-1999-0340,1997-12-01T05:00:00.000
CVE-1999-0018,1997-12-05T05:00:00.000
CVE-1999-0017,1997-12-10T05:00:00.000
CVE-1999-1140,1997-12-14T05:00:00.000
CVE-1999-0230,1997-12-15T05:00:00.000
CVE-1999-0004,1997-12-16T05:00:00.000
CVE-1999-0015,1997-12-16T05:00:00.000
CVE-1999-0104,1997-12-16T05:00:00.000
CVE-1999-1581,1997-12-23T05:00:00.000
CVE-1999-1230,1997-12-24T05:00:00.000
CVE-1999-1274,1997-12-29T05:00:00.000
CVE-1999-0107,1997-12-30T05:00:00.000
CVE-1999-0114,1998-01-01T05:00:00.000
CVE-1999-0239,1998-01-01T05:00:00.000
CVE-1999-0273,1998-01-01T05:00:00.000
CVE-1999-0279,1998-01-01T05:00:00.000
CVE-1999-0284,1998-01-01T05:00:00.000
CVE-1999-0293,1998-01-01T05:00:00.000
CVE-1999-0331,1998-01-01T05:00:00.000
CVE-1999-0341,1998-01-01T05:00:00.000
CVE-1999-1439,1998-01-02T05:00:00.000
CVE-1999-0513,1998-01-05T05:00:00.000
CVE-1999-1429,1998-01-05T05:00:00.000
CVE-1999-0086,1998-01-08T05:00:00.000
CVE-1999-1176,1998-01-10T05:00:00.000
CVE-1999-0958,1998-01-12T05:00:00.000
CVE-1999-0271,1998-01-15T05:00:00.000
CVE-1999-1045,1998-01-15T05:00:00.000
CVE-1999-0014,1998-01-21T05:00:00.000
CVE-1999-1487,1998-01-21T05:00:00.000
CVE-1999-0013,1998-01-22T05:00:00.000
CVE-1999-0125,1998-01-25T05:00:00.000
CVE-1999-0264,1998-01-27T05:00:00.000
CVE-1999-0087,1998-02-01T05:00:00.000
CVE-1999-0256,1998-02-01T05:00:00.000
CVE-1999-0296,1998-02-01T05:00:00.000
CVE-1999-0304,1998-02-01T05:00:00.000
CVE-1999-0305,1998-02-01T05:00:00.000
CVE-1999-0486,1998-02-01T05:00:00.000
CVE-1999-1445,1998-02-02T05:00:00.000
CVE-1999-0012,1998-02-06T05:00:00.000
CVE-1999-1269,1998-02-06T05:00:00.000
CVE-1999-0258,1998-02-13T05:00:00.000
CVE-1999-0225,1998-02-14T05:00:00.000
CVE-1999-1207,1998-02-18T05:00:00.000
CVE-1999-0323,1998-02-20T05:00:00.000
CVE-1999-1273,1998-02-20T05:00:00.000
CVE-1999-0290,1998-02-21T05:00:00.000
CVE-1999-1229,1998-02-25T05:00:00.000
CVE-1999-1486,1998-02-25T05:00:00.000
CVE-1999-0266,1998-03-01T05:00:00.000
CVE-1999-0320,1998-03-01T05:00:00.000
CVE-1999-0330,1998-03-01T05:00:00.000
CVE-1999-0502,1998-03-01T05:00:00.000
CVE-1999-0514,1998-03-01T05:00:00.000
CVE-1999-0795,1998-03-01T05:00:00.000
CVE-1999-1272,1998-03-01T05:00:00.000
CVE-1999-1407,1998-03-09T05:00:00.000
CVE-1999-1118,1998-03-11T05:00:00.000
CVE-1999-0060,1998-03-16T05:00:00.000
CVE-1999-1075,1998-03-18T05:00:00.000
CVE-1999-0960,1998-03-20T05:00:00.000
CVE-1999-0003,1998-04-01T05:00:00.000
CVE-1999-0098,1998-04-01T05:00:00.000
CVE-1999-0257,1998-04-01T05:00:00.000
CVE-1999-0507,1998-04-01T05:00:00.000
CVE-1999-0537,1998-04-01T05:00:00.000
CVE-1999-0551,1998-04-01T05:00:00.000
CVE-1999-1183,1998-04-02T05:00:00.000
CVE-1999-0270,1998-04-03T05:00:00.000
CVE-1999-1498,1998-04-06T04:00:00.000
CVE-1999-1505,1998-04-07T04:00:00.000
CVE-1999-0009,1998-04-08T04:00:00.000
CVE-1999-0010,1998-04-08T04:00:00.000
CVE-1999-0011,1998-04-08T04:00:00.000
CVE-1999-0190,1998-04-08T04:00:00.000
CVE-1999-1015,1998-04-08T04:00:00.000
CVE-1999-1040,1998-04-08T04:00:00.000
CVE-1999-1114,1998-04-08T04:00:00.000
CVE-1999-1501,1998-04-08T04:00:00.000
CVE-1999-1502,1998-04-08T04:00:00.000
CVE-1999-1503,1998-04-08T04:00:00.000
CVE-1999-1504,1998-04-08T04:00:00.000
CVE-1999-1499,1998-04-10T04:00:00.000
CVE-1999-1113,1998-04-14T04:00:00.000
CVE-1999-1390,1998-04-28T04:00:00.000
CVE-1999-0069,1998-04-29T04:00:00.000
CVE-1999-0212,1998-04-29T04:00:00.000
CVE-1999-1106,1998-04-29T04:00:00.000
CVE-1999-0108,1998-05-01T04:00:00.000
CVE-1999-0796,1998-05-01T04:00:00.000
CVE-1999-0126,1998-05-03T04:00:00.000
CVE-1999-1027,1998-05-07T04:00:00.000
CVE-1999-1044,1998-05-07T04:00:00.000
CVE-1999-1361,1998-05-09T04:00:00.000
CVE-1999-0816,1998-05-10T04:00:00.000
CVE-1999-0919,1998-05-10T04:00:00.000
CVE-1999-1204,1998-05-11T04:00:00.000
CVE-1999-1389,1998-05-11T04:00:00.000
CVE-1999-0055,1998-05-14T04:00:00.000
CVE-1999-1179,1998-05-15T04:00:00.000
CVE-1999-1096,1998-05-16T04:00:00.000
CVE-1999-0303,1998-05-21T04:00:00.000
CVE-1999-1039,1998-05-27T04:00:00.000
CVE-1999-1492,1998-05-27T04:00:00.000
CVE-1999-1490,1998-05-28T04:00:00.000
CVE-1999-0278,1998-06-01T04:00:00.000
CVE-1999-0329,1998-06-01T04:00:00.000
CVE-1999-0501,1998-06-01T04:00:00.000
CVE-1999-0508,1998-06-01T04:00:00.000
CVE-1999-1443,1998-06-02T04:00:00.000
CVE-1999-1151,1998-06-03T04:00:00.000
CVE-1999-1152,1998-06-03T04:00:00.000
CVE-1999-0008,1998-06-08T04:00:00.000
CVE-1999-0054,1998-06-10T04:00:00.000
CVE-1999-1178,1998-06-10T04:00:00.000
CVE-1999-1271,1998-06-11T04:00:00.000
CVE-1999-1480,1998-06-11T04:00:00.000
CVE-1999-1555,1998-06-11T04:00:00.000
CVE-1999-1085,1998-06-12T04:00:00.000
CVE-1999-0783,1998-06-16T04:00:00.000
CVE-1999-1442,1998-06-22T04:00:00.000
CVE-1999-1479,1998-06-24T04:00:00.000
CVE-1999-0007,1998-06-26T04:00:00.000
CVE-1999-1036,1998-06-26T04:00:00.000
CVE-1999-1037,1998-06-26T04:00:00.000
CVE-1999-1038,1998-06-26T04:00:00.000
CVE-1999-0797,1998-06-29T04:00:00.000
CVE-1999-1556,1998-06-29T04:00:00.000
CVE-1999-1150,1998-06-30T04:00:00.000
CVE-1999-1441,1998-06-30T04:00:00.000
CVE-1999-0313,1998-07-01T04:00:00.000
CVE-1999-0314,1998-07-01T04:00:00.000
CVE-1999-0494,1998-07-01T04:00:00.000
CVE-1999-1202,1998-07-03T04:00:00.000
CVE-1999-1409,1998-07-03T04:00:00.000
CVE-1999-1574,1998-07-06T04:00:00.000
CVE-1999-1437,1998-07-07T04:00:00.000
CVE-1999-1436,1998-07-08T04:00:00.000
CVE-1999-0102,1998-07-09T04:00:00.000
CVE-1999-1435,1998-07-10T04:00:00.000
CVE-1999-1270,1998-07-11T04:00:00.000
CVE-1999-1434,1998-07-13T04:00:00.000
CVE-1999-0006,1998-07-14T04:00:00.000
CVE-1999-0213,1998-07-15T04:00:00.000
CVE-1999-1297,1998-07-15T04:00:00.000
CVE-1999-1433,1998-07-15T04:00:00.000
CVE-1999-1582,1998-07-15T04:00:00.000
CVE-1999-0263,1998-07-16T04:00:00.000
CVE-1999-1149,1998-07-16T04:00:00.000
CVE-1999-1432,1998-07-16T04:00:00.000
CVE-1999-1558,1998-07-16T04:00:00.000
CVE-1999-0005,1998-07-20T04:00:00.000
CVE-1999-1200,1998-07-20T04:00:00.000
CVE-1999-1420,1998-07-20T04:00:00.000
CVE-1999-1421,1998-07-20T04:00:00.000
CVE-1999-1070,1998-07-25T04:00:00.000
CVE-1999-0941,1998-07-28T04:00:00.000
CVE-1999-1447,1998-07-28T04:00:00.000
CVE-1999-1406,1998-07-29T04:00:00.000
CVE-1999-1448,1998-07-29T04:00:00.000
CVE-1999-1136,1998-07-30T04:00:00.000
CVE-1999-0269,1998-08-01T04:00:00.000
CVE-1999-0288,1998-08-01T04:00:00.000
CVE-1999-0333,1998-08-01T04:00:00.000
CVE-1999-0339,1998-08-01T04:00:00.000
CVE-1999-0344,1998-08-01T04:00:00.000
CVE-1999-0516,1998-08-01T04:00:00.000
CVE-1999-0062,1998-08-03T04:00:00.000
CVE-1999-0262,1998-08-04T04:00:00.000
CVE-1999-1199,1998-08-07T04:00:00.000
CVE-1999-0159,1998-08-12T04:00:00.000
CVE-1999-1283,1998-08-14T04:00:00.000
CVE-1999-0157,1998-08-18T04:00:00.000
CVE-1999-1416,1998-08-23T04:00:00.000
CVE-1999-1417,1998-08-23T04:00:00.000
CVE-1999-1041,1998-08-27T04:00:00.000
CVE-1999-0065,1998-08-31T04:00:00.000
CVE-1999-0158,1998-08-31T04:00:00.000
CVE-1999-0162,1998-09-01T04:00:00.000
CVE-1999-0302,1998-09-01T04:00:00.000
CVE-1999-0310,1998-09-01T04:00:00.000
CVE-1999-0792,1998-09-01T04:00:00.000
CVE-1999-1292,1998-09-01T04:00:00.000
CVE-1999-0779,1998-09-03T04:00:00.000
CVE-1999-0930,1998-09-03T04:00:00.000
CVE-1999-0871,1998-09-04T04:00:00.000
CVE-1999-1048,1998-09-05T04:00:00.000
CVE-1999-0056,1998-09-09T04:00:00.000
CVE-1999-0897,1998-09-09T04:00:00.000
CVE-1999-1020,1998-09-18T04:00:00.000
CVE-1999-1265,1998-09-22T04:00:00.000
CVE-1999-1054,1998-09-25T04:00:00.000
CVE-1999-1228,1998-09-27T04:00:00.000
CVE-1999-0969,1998-09-29T04:00:00.000
CVE-1999-1181,1998-09-29T04:00:00.000
CVE-1999-0186,1998-10-01T04:00:00.000
CVE-1999-0505,1998-10-01T04:00:00.000
CVE-1999-0506,1998-10-01T04:00:00.000
CVE-1999-0546,1998-10-01T04:00:00.000
CVE-1999-0870,1998-10-01T04:00:00.000
CVE-1999-0343,1998-10-02T04:00:00.000
CVE-1999-1403,1998-10-02T04:00:00.000
CVE-1999-1404,1998-10-02T04:00:00.000
CVE-1999-1291,1998-10-05T04:00:00.000
CVE-1999-1185,1998-10-06T04:00:00.000
CVE-1999-1381,1998-10-08T04:00:00.000
CVE-1999-0002,1998-10-12T04:00:00.000
CVE-1999-0053,1998-10-13T04:00:00.000
CVE-1999-0088,1998-10-26T05:00:00.000
CVE-1999-0215,1998-10-26T05:00:00.000
CVE-1999-0118,1998-11-01T05:00:00.000
CVE-1999-0254,1998-11-02T05:00:00.000
CVE-1999-1459,1998-11-02T05:00:00.000
CVE-1999-0052,1998-11-04T05:00:00.000
CVE-1999-1284,1998-11-05T05:00:00.000
CVE-1999-1321,1998-11-05T05:00:00.000
CVE-1999-1153,1998-11-09T05:00:00.000
CVE-1999-1154,1998-11-09T05:00:00.000
CVE-1999-1155,1998-11-09T05:00:00.000
CVE-1999-1289,1998-11-11T05:00:00.000
CVE-1999-1025,1998-11-12T05:00:00.000
CVE-1999-1322,1998-11-12T05:00:00.000
CVE-1999-0057,1998-11-16T05:00:00.000
CVE-1999-0780,1998-11-18T05:00:00.000
CVE-1999-0781,1998-11-18T05:00:00.000
CVE-1999-0782,1998-11-18T05:00:00.000
CVE-1999-1107,1998-11-18T05:00:00.000
CVE-1999-1108,1998-11-18T05:00:00.000
CVE-1999-1288,1998-11-19T05:00:00.000
CVE-1999-1411,1998-11-26T05:00:00.000
CVE-1999-1071,1998-11-30T05:00:00.000
CVE-1999-1072,1998-11-30T05:00:00.000
CVE-1999-1073,1998-11-30T05:00:00.000
CVE-1999-0321,1998-12-01T05:00:00.000
CVE-1999-0332,1998-12-01T05:00:00.000
CVE-1999-0342,1998-12-01T05:00:00.000
CVE-1999-0385,1998-12-01T05:00:00.000
CVE-1999-0463,1998-12-01T05:00:00.000
CVE-1999-0478,1998-12-01T05:00:00.000
CVE-1999-0869,1998-12-01T05:00:00.000
CVE-1999-0836,1998-12-02T05:00:00.000
CVE-1999-0936,1998-12-03T05:00:00.000
CVE-1999-0937,1998-12-03T05:00:00.000
CVE-1999-1280,1998-12-03T05:00:00.000
CVE-1999-0798,1998-12-04T05:00:00.000
CVE-1999-1147,1998-12-04T05:00:00.000
CVE-1999-1276,1998-12-07T05:00:00.000
CVE-1999-1282,1998-12-10T05:00:00.000
CVE-1999-0139,1998-12-12T05:00:00.000
CVE-1999-0188,1998-12-17T05:00:00.000
CVE-1999-1173,1998-12-18T05:00:00.000
CVE-1999-1277,1998-12-24T05:00:00.000
CVE-1999-1278,1998-12-25T05:00:00.000
CVE-1999-0968,1998-12-26T05:00:00.000
CVE-1999-1281,1998-12-26T05:00:00.000
CVE-1999-1188,1998-12-27T05:00:00.000
CVE-1999-1285,1998-12-27T05:00:00.000
CVE-1999-1159,1998-12-29T05:00:00.000
CVE-1999-0020,1999-01-01T05:00:00.000
CVE-1999-0110,1999-01-01T05:00:00.000
CVE-1999-0187,1999-01-01T05:00:00.000
CVE-1999-0197,1999-01-01T05:00:00.000
CVE-1999-0198,1999-01-01T05:00:00.000
CVE-1999-0200,1999-01-01T05:00:00.000
CVE-1999-0205,1999-01-01T05:00:00.000
CVE-1999-0220,1999-01-01T05:00:00.000
CVE-1999-0226,1999-01-01T05:00:00.000
CVE-1999-0231,1999-01-01T05:00:00.000
CVE-1999-0240,1999-01-01T05:00:00.000
CVE-1999-0243,1999-01-01T05:00:00.000
CVE-1999-0248,1999-01-01T05:00:00.000
CVE-1999-0255,1999-01-01T05:00:00.000
CVE-1999-0268,1999-01-01T05:00:00.000
CVE-1999-0276,1999-01-01T05:00:00.000
CVE-1999-0283,1999-01-01T05:00:00.000
CVE-1999-0285,1999-01-01T05:00:00.000
CVE-1999-0286,1999-01-01T05:00:00.000
CVE-1999-0355,1999-01-01T05:00:00.000
CVE-1999-0361,1999-01-01T05:00:00.000
CVE-1999-0364,1999-01-01T05:00:00.000
CVE-1999-0384,1999-01-01T05:00:00.000
CVE-1999-0388,1999-01-01T05:00:00.000
CVE-1999-0393,1999-01-01T05:00:00.000
CVE-1999-0394,1999-01-01T05:00:00.000
CVE-1999-0395,1999-01-01T05:00:00.000
CVE-1999-0397,1999-01-01T05:00:00.000
CVE-1999-0398,1999-01-01T05:00:00.000
CVE-1999-0399,1999-01-01T05:00:00.000
CVE-1999-0401,1999-01-01T05:00:00.000
CVE-1999-0448,1999-01-01T05:00:00.000
CVE-1999-0452,1999-01-01T05:00:00.000
CVE-1999-0453,1999-01-01T05:00:00.000
CVE-1999-0454,1999-01-01T05:00:00.000
CVE-1999-0465,1999-01-01T05:00:00.000
CVE-1999-0495,1999-01-01T05:00:00.000
CVE-1999-0497,1999-01-01T05:00:00.000
CVE-1999-0512,1999-01-01T05:00:00.000
CVE-1999-0515,1999-01-01T05:00:00.000
CVE-1999-0520,1999-01-01T05:00:00.000
CVE-1999-0523,1999-01-01T05:00:00.000
CVE-1999-0527,1999-01-01T05:00:00.000
CVE-1999-0528,1999-01-01T05:00:00.000
CVE-1999-0529,1999-01-01T05:00:00.000
CVE-1999-0530,1999-01-01T05:00:00.000
CVE-1999-0531,1999-01-01T05:00:00.000
CVE-1999-0539,1999-01-01T05:00:00.000
CVE-1999-0547,1999-01-01T05:00:00.000
CVE-1999-0548,1999-01-01T05:00:00.000
CVE-1999-0549,1999-01-01T05:00:00.000
CVE-1999-0554,1999-01-01T05:00:00.000
CVE-1999-0555,1999-01-01T05:00:00.000
CVE-1999-0556,1999-01-01T05:00:00.000
CVE-1999-0559,1999-01-01T05:00:00.000
CVE-1999-0560,1999-01-01T05:00:00.000
CVE-1999-0561,1999-01-01T05:00:00.000
CVE-1999-0564,1999-01-01T05:00:00.000
CVE-1999-0565,1999-01-01T05:00:00.000
CVE-1999-0568,1999-01-01T05:00:00.000
CVE-1999-0569,1999-01-01T05:00:00.000
CVE-1999-0570,1999-01-01T05:00:00.000
CVE-1999-0571,1999-01-01T05:00:00.000
CVE-1999-0577,1999-01-01T05:00:00.000
CVE-1999-0578,1999-01-01T05:00:00.000
CVE-1999-0579,1999-01-01T05:00:00.000
CVE-1999-0580,1999-01-01T05:00:00.000
CVE-1999-0581,1999-01-01T05:00:00.000
CVE-1999-0583,1999-01-01T05:00:00.000
CVE-1999-0584,1999-01-01T05:00:00.000
CVE-1999-0586,1999-01-01T05:00:00.000
CVE-1999-0587,1999-01-01T05:00:00.000
CVE-1999-0588,1999-01-01T05:00:00.000
CVE-1999-0589,1999-01-01T05:00:00.000
CVE-1999-0591,1999-01-01T05:00:00.000
CVE-1999-0592,1999-01-01T05:00:00.000
CVE-1999-0593,1999-01-01T05:00:00.000
CVE-1999-0594,1999-01-01T05:00:00.000
CVE-1999-0596,1999-01-01T05:00:00.000
CVE-1999-0597,1999-01-01T05:00:00.000
CVE-1999-0598,1999-01-01T05:00:00.000
CVE-1999-0599,1999-01-01T05:00:00.000
CVE-1999-0600,1999-01-01T05:00:00.000
CVE-1999-0601,1999-01-01T05:00:00.000
CVE-1999-0602,1999-01-01T05:00:00.000
CVE-1999-0603,1999-01-01T05:00:00.000
CVE-1999-0611,1999-01-01T05:00:00.000
CVE-1999-0613,1999-01-01T05:00:00.000
CVE-1999-0614,1999-01-01T05:00:00.000
CVE-1999-0615,1999-01-01T05:00:00.000
CVE-1999-0616,1999-01-01T05:00:00.000
CVE-1999-0617,1999-01-01T05:00:00.000
CVE-1999-0618,1999-01-01T05:00:00.000
CVE-1999-0619,1999-01-01T05:00:00.000
CVE-1999-0620,1999-01-01T05:00:00.000
CVE-1999-0621,1999-01-01T05:00:00.000
CVE-1999-0622,1999-01-01T05:00:00.000
CVE-1999-0623,1999-01-01T05:00:00.000
CVE-1999-0624,1999-01-01T05:00:00.000
CVE-1999-0625,1999-01-01T05:00:00.000
CVE-1999-0629,1999-01-01T05:00:00.000
CVE-1999-0630,1999-01-01T05:00:00.000
CVE-1999-0631,1999-01-01T05:00:00.000
CVE-1999-0632,1999-01-01T05:00:00.000
CVE-1999-0633,1999-01-01T05:00:00.000
CVE-1999-0634,1999-01-01T05:00:00.000
CVE-1999-0635,1999-01-01T05:00:00.000
CVE-1999-0636,1999-01-01T05:00:00.000
CVE-1999-0637,1999-01-01T05:00:00.000
CVE-1999-0638,1999-01-01T05:00:00.000
CVE-1999-0639,1999-01-01T05:00:00.000
CVE-1999-0640,1999-01-01T05:00:00.000
CVE-1999-0641,1999-01-01T05:00:00.000
CVE-1999-0642,1999-01-01T05:00:00.000
CVE-1999-0643,1999-01-01T05:00:00.000
CVE-1999-0644,1999-01-01T05:00:00.000
CVE-1999-0645,1999-01-01T05:00:00.000
CVE-1999-0646,1999-01-01T05:00:00.000
CVE-1999-0647,1999-01-01T05:00:00.000
CVE-1999-0648,1999-01-01T05:00:00.000
CVE-1999-0649,1999-01-01T05:00:00.000
CVE-1999-0650,1999-01-01T05:00:00.000
CVE-1999-0651,1999-01-01T05:00:00.000
CVE-1999-0652,1999-01-01T05:00:00.000
CVE-1999-0653,1999-01-01T05:00:00.000
CVE-1999-0654,1999-01-01T05:00:00.000
CVE-1999-0655,1999-01-01T05:00:00.000
CVE-1999-0656,1999-01-01T05:00:00.000
CVE-1999-0657,1999-01-01T05:00:00.000
CVE-1999-0658,1999-01-01T05:00:00.000
CVE-1999-0659,1999-01-01T05:00:00.000
CVE-1999-0660,1999-01-01T05:00:00.000
CVE-1999-0661,1999-01-01T05:00:00.000
CVE-1999-0662,1999-01-01T05:00:00.000
CVE-1999-0663,1999-01-01T05:00:00.000
CVE-1999-0664,1999-01-01T05:00:00.000
CVE-1999-0665,1999-01-01T05:00:00.000
CVE-1999-0698,1999-01-01T05:00:00.000
CVE-1999-1430,1999-01-01T05:00:00.000
CVE-1999-1440,1999-01-01T05:00:00.000
CVE-1999-1568,1999-01-01T05:00:00.000
CVE-1999-0402,1999-01-02T05:00:00.000
CVE-1999-1170,1999-01-02T05:00:00.000
CVE-1999-1422,1999-01-02T05:00:00.000
CVE-2000-0005,1999-01-02T05:00:00.000
CVE-1999-0389,1999-01-03T05:00:00.000
CVE-1999-0914,1999-01-03T05:00:00.000
CVE-2000-0054,1999-01-03T05:00:00.000
CVE-1999-0390,1999-01-04T05:00:00.000
CVE-1999-0464,1999-01-04T05:00:00.000
CVE-1999-0391,1999-01-05T05:00:00.000
CVE-1999-0458,1999-01-06T05:00:00.000
CVE-1999-1268,1999-01-06T05:00:00.000
CVE-1999-0442,1999-01-07T05:00:00.000
CVE-1999-0392,1999-01-10T05:00:00.000
CVE-1999-0063,1999-01-11T05:00:00.000
CVE-1999-1172,1999-01-14T05:00:00.000
CVE-1999-1376,1999-01-14T05:00:00.000
CVE-1999-1538,1999-01-14T05:00:00.000
CVE-1999-0457,1999-01-17T05:00:00.000
CVE-1999-0678,1999-01-17T05:00:00.000
CVE-1999-0119,1999-01-19T05:00:00.000
CVE-1999-0451,1999-01-19T05:00:00.000
CVE-1999-0121,1999-01-21T05:00:00.000
CVE-1999-1264,1999-01-21T05:00:00.000
CVE-1999-1544,1999-01-24T05:00:00.000
CVE-1999-0352,1999-01-25T05:00:00.000
CVE-1999-0356,1999-01-25T05:00:00.000
CVE-1999-0357,1999-01-25T05:00:00.000
CVE-1999-1458,1999-01-25T05:00:00.000
CVE-1999-0347,1999-01-26T05:00:00.000
CVE-1999-0400,1999-01-26T05:00:00.000
CVE-1999-0449,1999-01-26T05:00:00.000
CVE-1999-0450,1999-01-26T05:00:00.000
CVE-1999-0348,1999-01-27T05:00:00.000
CVE-1999-0349,1999-01-27T05:00:00.000
CVE-1999-1450,1999-01-27T05:00:00.000
CVE-1999-0461,1999-01-28T05:00:00.000
CVE-1999-0952,1999-01-28T05:00:00.000
CVE-1999-1546,1999-01-29T05:00:00.000
CVE-2000-0370,1999-01-29T05:00:00.000
CVE-1999-0360,1999-01-30T05:00:00.000
CVE-1999-0291,1999-02-01T05:00:00.000
CVE-1999-0351,1999-02-01T05:00:00.000
CVE-1999-0358,1999-02-01T05:00:00.000
CVE-1999-0373,1999-02-01T05:00:00.000
CVE-1999-0403,1999-02-01T05:00:00.000
CVE-1999-0459,1999-02-01T05:00:00.000
CVE-1999-0362,1999-02-02T05:00:00.000
CVE-1999-0363,1999-02-02T05:00:00.000
CVE-1999-0383,1999-02-02T05:00:00.000
CVE-1999-1171,1999-02-02T05:00:00.000
CVE-1999-1453,1999-02-02T05:00:00.000
CVE-1999-0365,1999-02-04T05:00:00.000
CVE-1999-1169,1999-02-04T05:00:00.000
CVE-1999-1201,1999-02-06T05:00:00.000
CVE-1999-0350,1999-02-08T05:00:00.000
CVE-1999-0366,1999-02-08T05:00:00.000
CVE-1999-0367,1999-02-09T05:00:00.000
CVE-1999-0368,1999-02-09T05:00:00.000
CVE-1999-0407,1999-02-09T05:00:00.000
CVE-1999-0353,1999-02-10T05:00:00.000
CVE-1999-0370,1999-02-10T05:00:00.000
CVE-1999-0371,1999-02-11T05:00:00.000
CVE-1999-1375,1999-02-11T05:00:00.000
CVE-1999-0372,1999-02-12T05:00:00.000
CVE-1999-1203,1999-02-12T05:00:00.000
CVE-1999-0404,1999-02-14T05:00:00.000
CVE-1999-0714,1999-02-15T05:00:00.000
CVE-1999-1260,1999-02-15T05:00:00.000
CVE-1999-0374,1999-02-16T05:00:00.000
CVE-1999-0375,1999-02-16T05:00:00.000
CVE-1999-1180,1999-02-16T05:00:00.000
CVE-1999-0396,1999-02-17T05:00:00.000
CVE-1999-1060,1999-02-17T05:00:00.000
CVE-1999-1405,1999-02-17T05:00:00.000
CVE-1999-0405,1999-02-18T05:00:00.000
CVE-1999-1495,1999-02-18T05:00:00.000
CVE-2000-0367,1999-02-18T05:00:00.000
CVE-1999-0406,1999-02-19T05:00:00.000
CVE-1999-0412,1999-02-19T05:00:00.000
CVE-1999-0460,1999-02-19T05:00:00.000
CVE-1999-0485,1999-02-19T05:00:00.000
CVE-1999-1101,1999-02-19T05:00:00.000
CVE-1999-1255,1999-02-19T05:00:00.000
CVE-1999-1372,1999-02-19T05:00:00.000
CVE-1999-1482,1999-02-19T05:00:00.000
CVE-1999-0376,1999-02-20T05:00:00.000
CVE-1999-1168,1999-02-20T05:00:00.000
CVE-1999-1049,1999-02-21T05:00:00.000
CVE-1999-0377,1999-02-22T05:00:00.000
CVE-1999-0378,1999-02-22T05:00:00.000
CVE-1999-0379,1999-02-22T05:00:00.000
CVE-1999-0441,1999-02-22T05:00:00.000
CVE-1999-0484,1999-02-23T05:00:00.000
CVE-1999-1247,1999-02-24T05:00:00.000
CVE-1999-0380,1999-02-25T05:00:00.000
CVE-1999-0408,1999-02-25T05:00:00.000
CVE-1999-0483,1999-02-25T05:00:00.000
CVE-1999-0381,1999-02-26T05:00:00.000
CVE-1999-0221,1999-03-01T05:00:00.000
CVE-1999-0222,1999-03-01T05:00:00.000
CVE-1999-0223,1999-03-01T05:00:00.000
CVE-1999-0261,1999-03-01T05:00:00.000
CVE-1999-0386,1999-03-01T05:00:00.000
CVE-1999-0413,1999-03-01T05:00:00.000
CVE-1999-0414,1999-03-01T05:00:00.000
CVE-1999-0419,1999-03-01T05:00:00.000
CVE-1999-0426,1999-03-01T05:00:00.000
CVE-1999-0429,1999-03-01T05:00:00.000
CVE-1999-0430,1999-03-01T05:00:00.000
CVE-1999-0431,1999-03-01T05:00:00.000
CVE-1999-0432,1999-03-01T05:00:00.000
CVE-1999-0435,1999-03-01T05:00:00.000
CVE-1999-0436,1999-03-01T05:00:00.000
CVE-1999-0437,1999-03-01T05:00:00.000
CVE-1999-0438,1999-03-01T05:00:00.000
CVE-1999-0440,1999-03-01T05:00:00.000
CVE-1999-0476,1999-03-01T05:00:00.000
CVE-1999-0479,1999-03-01T05:00:00.000
CVE-1999-1046,1999-03-01T05:00:00.000
CVE-2000-0371,1999-03-01T05:00:00.000
CVE-1999-1551,1999-03-02T05:00:00.000
CVE-1999-0409,1999-03-04T05:00:00.000
CVE-1999-1256,1999-03-04T05:00:00.000
CVE-2000-0019,1999-03-04T05:00:00.000
CVE-1999-0410,1999-03-05T05:00:00.000
CVE-1999-0411,1999-03-07T05:00:00.000
CVE-1999-0418,1999-03-08T05:00:00.000
CVE-1999-1254,1999-03-08T05:00:00.000
CVE-1999-1371,1999-03-08T05:00:00.000
CVE-1999-1567,1999-03-08T05:00:00.000
CVE-1999-0417,1999-03-09T05:00:00.000
CVE-1999-0415,1999-03-11T05:00:00.000
CVE-1999-0416,1999-03-11T05:00:00.000
CVE-1999-1526,1999-03-11T05:00:00.000
CVE-1999-0382,1999-03-12T05:00:00.000
CVE-1999-0420,1999-03-17T05:00:00.000
CVE-1999-0421,1999-03-17T05:00:00.000
CVE-1999-0422,1999-03-17T05:00:00.000
CVE-1999-0462,1999-03-17T05:00:00.000
CVE-1999-0424,1999-03-18T05:00:00.000
CVE-1999-0425,1999-03-18T05:00:00.000
CVE-1999-0433,1999-03-21T05:00:00.000
CVE-1999-0482,1999-03-21T05:00:00.000
CVE-1999-0428,1999-03-22T05:00:00.000
CVE-1999-0481,1999-03-22T05:00:00.000
CVE-1999-1370,1999-03-23T05:00:00.000
CVE-1999-1397,1999-03-23T05:00:00.000
CVE-2000-0153,1999-03-26T05:00:00.000
CVE-1999-0434,1999-03-30T05:00:00.000
CVE-1999-1559,1999-03-31T05:00:00.000
CVE-1999-0443,1999-04-01T05:00:00.000
CVE-1999-0445,1999-04-01T05:00:00.000
CVE-1999-0447,1999-04-01T05:00:00.000
CVE-1999-0467,1999-04-01T05:00:00.000
CVE-1999-0469,1999-04-01T05:00:00.000
CVE-1999-0480,1999-04-01T05:00:00.000
CVE-1999-0605,1999-04-01T05:00:00.000
CVE-1999-0606,1999-04-01T05:00:00.000
CVE-1999-0608,1999-04-01T05:00:00.000
CVE-1999-0609,1999-04-01T05:00:00.000
CVE-1999-0610,1999-04-01T05:00:00.000
CVE-1999-0921,1999-04-01T05:00:00.000
CVE-1999-0439,1999-04-05T04:00:00.000
CVE-1999-0474,1999-04-05T04:00:00.000
CVE-1999-0475,1999-04-05T04:00:00.000
CVE-1999-1245,1999-04-06T04:00:00.000
CVE-1999-0472,1999-04-07T04:00:00.000
CVE-1999-0473,1999-04-07T04:00:00.000
CVE-1999-1196,1999-04-07T04:00:00.000
CVE-1999-0287,1999-04-09T04:00:00.000
CVE-1999-0468,1999-04-09T04:00:00.000
CVE-1999-0470,1999-04-09T04:00:00.000
CVE-1999-0471,1999-04-09T04:00:00.000
CVE-1999-0801,1999-04-09T04:00:00.000
CVE-1999-1323,1999-04-09T04:00:00.000
CVE-1999-0444,1999-04-12T04:00:00.000
CVE-1999-0446,1999-04-12T04:00:00.000
CVE-1999-1369,1999-04-14T04:00:00.000
CVE-1999-1244,1999-04-15T04:00:00.000
CVE-1999-0684,1999-04-19T04:00:00.000
CVE-1999-0491,1999-04-20T04:00:00.000
CVE-1999-0604,1999-04-20T04:00:00.000
CVE-1999-0607,1999-04-20T04:00:00.000
CVE-1999-0466,1999-04-21T04:00:00.000
CVE-1999-0488,1999-04-21T04:00:00.000
CVE-1999-0490,1999-04-21T04:00:00.000
CVE-1999-0492,1999-04-23T04:00:00.000
CVE-1999-0712,1999-04-27T04:00:00.000
CVE-1999-0711,1999-04-29T04:00:00.000
CVE-1999-0194,1999-05-01T04:00:00.000
CVE-1999-0487,1999-05-01T04:00:00.000
CVE-1999-0763,1999-05-01T04:00:00.000
CVE-1999-0764,1999-05-01T04:00:00.000
CVE-1999-0807,1999-05-01T04:00:00.000
CVE-1999-1418,1999-05-01T04:00:00.000
CVE-1999-1553,1999-05-01T04:00:00.000
CVE-2000-0412,1999-05-01T04:00:00.000
CVE-1999-1012,1999-05-04T04:00:00.000
CVE-1999-1097,1999-05-04T04:00:00.000
CVE-1999-1195,1999-05-05T04:00:00.000
CVE-1999-1079,1999-05-06T04:00:00.000
CVE-1999-1241,1999-05-06T04:00:00.000
CVE-1999-1367,1999-05-06T04:00:00.000
CVE-1999-0686,1999-05-07T04:00:00.000
CVE-1999-0717,1999-05-07T04:00:00.000
CVE-1999-0736,1999-05-07T04:00:00.000
CVE-1999-0737,1999-05-07T04:00:00.000
CVE-1999-0738,1999-05-07T04:00:00.000
CVE-1999-0739,1999-05-07T04:00:00.000
CVE-1999-1566,1999-05-08T04:00:00.000
CVE-1999-0806,1999-05-10T04:00:00.000
CVE-1999-0754,1999-05-11T04:00:00.000
CVE-1999-0773,1999-05-11T04:00:00.000
CVE-1999-0785,1999-05-11T04:00:00.000
CVE-1999-1033,1999-05-11T04:00:00.000
CVE-1999-1520,1999-05-11T04:00:00.000
CVE-1999-0229,1999-05-12T04:00:00.000
CVE-1999-0776,1999-05-12T04:00:00.000
CVE-1999-1368,1999-05-12T04:00:00.000
CVE-1999-1029,1999-05-13T04:00:00.000
CVE-1999-1366,1999-05-15T04:00:00.000
CVE-1999-0489,1999-05-17T04:00:00.000
CVE-1999-0716,1999-05-17T04:00:00.000
CVE-1999-1156,1999-05-17T04:00:00.000
CVE-1999-1510,1999-05-17T04:00:00.000
CVE-1999-0765,1999-05-19T04:00:00.000
CVE-1999-1030,1999-05-19T04:00:00.000
CVE-1999-1031,1999-05-19T04:00:00.000
CVE-1999-0715,1999-05-20T04:00:00.000
CVE-1999-1393,1999-05-21T04:00:00.000
CVE-1999-0928,1999-05-23T04:00:00.000
CVE-1999-0762,1999-05-24T04:00:00.000
CVE-1999-0803,1999-05-25T04:00:00.000
CVE-1999-1414,1999-05-25T04:00:00.000
CVE-1999-0771,1999-05-26T04:00:00.000
CVE-1999-0920,1999-05-26T04:00:00.000
CVE-1999-0927,1999-05-26T04:00:00.000
CVE-1999-0755,1999-05-27T04:00:00.000
CVE-1999-0802,1999-05-27T04:00:00.000
CVE-1999-0917,1999-05-27T04:00:00.000
CVE-1999-1028,1999-05-28T04:00:00.000
CVE-1999-1485,1999-05-31T04:00:00.000
CVE-2000-0333,1999-05-31T04:00:00.000
CVE-1999-0772,1999-06-01T04:00:00.000
CVE-1999-0804,1999-06-01T04:00:00.000
CVE-1999-1063,1999-06-01T04:00:00.000
CVE-2000-0364,1999-06-01T04:00:00.000
CVE-2000-0365,1999-06-01T04:00:00.000
CVE-2000-0373,1999-06-01T04:00:00.000
CVE-2000-0481,1999-06-01T04:00:00.000
CVE-1999-1400,1999-06-03T04:00:00.000
CVE-1999-1412,1999-06-03T04:00:00.000
CVE-1999-0970,1999-06-05T04:00:00.000
CVE-1999-1237,1999-06-06T04:00:00.000
CVE-1999-0493,1999-06-07T04:00:00.000
CVE-1999-1496,1999-06-08T04:00:00.000
CVE-1999-1231,1999-06-09T04:00:00.000
CVE-2000-0118,1999-06-09T04:00:00.000
CVE-1999-0775,1999-06-10T04:00:00.000
CVE-1999-1023,1999-06-10T04:00:00.000
CVE-1999-0713,1999-06-11T04:00:00.000
CVE-1999-0730,1999-06-12T04:00:00.000
CVE-1999-0874,1999-06-16T04:00:00.000
CVE-1999-0929,1999-06-16T04:00:00.000
CVE-1999-0742,1999-06-22T04:00:00.000
CVE-1999-0723,1999-06-23T04:00:00.000
CVE-1999-0731,1999-06-23T04:00:00.000
CVE-1999-1019,1999-06-23T04:00:00.000
CVE-1999-0748,1999-06-24T04:00:00.000
CVE-1999-1470,1999-06-24T04:00:00.000
CVE-1999-0778,1999-06-25T04:00:00.000
CVE-1999-1164,1999-06-25T04:00:00.000
CVE-1999-0733,1999-06-26T04:00:00.000
CVE-1999-0938,1999-06-28T04:00:00.000
CVE-1999-1365,1999-06-28T04:00:00.000
CVE-2000-0353,1999-06-28T04:00:00.000
CVE-1999-0916,1999-06-29T04:00:00.000
CVE-1999-0140,1999-06-30T04:00:00.000
CVE-1999-0726,1999-06-30T04:00:00.000
CVE-1999-1348,1999-06-30T04:00:00.000
CVE-1999-0688,1999-07-01T04:00:00.000
CVE-1999-0690,1999-07-01T04:00:00.000
CVE-1999-0696,1999-07-01T04:00:00.000
CVE-1999-0707,1999-07-01T04:00:00.000
CVE-1999-0889,1999-07-01T04:00:00.000
CVE-1999-1394,1999-07-02T04:00:00.000
CVE-1999-0918,1999-07-03T04:00:00.000
CVE-1999-0728,1999-07-06T04:00:00.000
CVE-1999-0752,1999-07-06T04:00:00.000
CVE-1999-1478,1999-07-06T04:00:00.000
CVE-1999-1537,1999-07-07T04:00:00.000
CVE-1999-0809,1999-07-09T04:00:00.000
CVE-1999-1543,1999-07-10T04:00:00.000
CVE-1999-1166,1999-07-11T04:00:00.000
CVE-1999-1460,1999-07-13T04:00:00.000
CVE-1999-1545,1999-07-14T04:00:00.000
CVE-1999-1086,1999-07-15T04:00:00.000
CVE-1999-1518,1999-07-15T04:00:00.000
CVE-1999-0692,1999-07-19T04:00:00.000
CVE-1999-1011,1999-07-19T04:00:00.000
CVE-1999-1378,1999-07-19T04:00:00.000
CVE-1999-0721,1999-07-20T04:00:00.000
CVE-1999-1535,1999-07-20T04:00:00.000
CVE-1999-1560,1999-07-20T04:00:00.000
CVE-1999-0810,1999-07-21T04:00:00.000
CVE-1999-0811,1999-07-21T04:00:00.000
CVE-1999-1165,1999-07-21T04:00:00.000
CVE-1999-1338,1999-07-21T04:00:00.000
CVE-1999-0224,1999-07-23T04:00:00.000
CVE-1999-0710,1999-07-25T04:00:00.000
CVE-1999-1018,1999-07-27T04:00:00.000
CVE-1999-1017,1999-07-28T04:00:00.000
CVE-2000-0323,1999-07-28T04:00:00.000
CVE-1999-0700,1999-07-29T04:00:00.000
CVE-1999-0770,1999-07-29T04:00:00.000
CVE-1999-1078,1999-07-29T04:00:00.000
CVE-1999-0683,1999-07-30T04:00:00.000
CVE-1999-1130,1999-07-30T04:00:00.000
CVE-1999-1227,1999-07-30T04:00:00.000
CVE-1999-1536,1999-07-30T04:00:00.000
CVE-1999-0672,1999-08-01T04:00:00.000
CVE-1999-1337,1999-08-01T04:00:00.000
CVE-1999-0671,1999-08-03T04:00:00.000
CVE-1999-0677,1999-08-03T04:00:00.000
CVE-1999-0703,1999-08-03T04:00:00.000
CVE-1999-0719,1999-08-05T04:00:00.000
CVE-1999-0913,1999-08-05T04:00:00.000
CVE-1999-0682,1999-08-06T04:00:00.000
CVE-1999-0727,1999-08-06T04:00:00.000
CVE-1999-1524,1999-08-07T04:00:00.000
CVE-1999-0673,1999-08-08T04:00:00.000
CVE-1999-0722,1999-08-08T04:00:00.000
CVE-1999-0674,1999-08-09T04:00:00.000
CVE-1999-0675,1999-08-09T04:00:00.000
CVE-1999-0676,1999-08-09T04:00:00.000
CVE-1999-0680,1999-08-09T04:00:00.000
CVE-1999-0813,1999-08-10T04:00:00.000
CVE-1999-0694,1999-08-11T04:00:00.000
CVE-1999-0814,1999-08-11T04:00:00.000
CVE-1999-0861,1999-08-11T04:00:00.000
CVE-1999-0867,1999-08-11T04:00:00.000
CVE-1999-0875,1999-08-11T04:00:00.000
CVE-1999-0724,1999-08-12T04:00:00.000
CVE-1999-1336,1999-08-12T04:00:00.000
CVE-1999-0679,1999-08-13T04:00:00.000
CVE-1999-0746,1999-08-16T04:00:00.000
CVE-1999-0749,1999-08-16T04:00:00.000
CVE-1999-0888,1999-08-16T04:00:00.000
CVE-1999-0753,1999-08-17T04:00:00.000
CVE-1999-0745,1999-08-18T04:00:00.000
CVE-1999-0747,1999-08-18T04:00:00.000
CVE-1999-0725,1999-08-19T04:00:00.000
CVE-1999-0732,1999-08-19T04:00:00.000
CVE-1999-0734,1999-08-19T04:00:00.000
CVE-1999-0740,1999-08-19T04:00:00.000
CVE-1999-0741,1999-08-19T04:00:00.000
CVE-1999-0743,1999-08-20T04:00:00.000
CVE-1999-1561,1999-08-20T04:00:00.000
CVE-1999-1565,1999-08-20T04:00:00.000
CVE-2000-0325,1999-08-20T04:00:00.000
CVE-2000-1206,1999-08-20T04:00:00.000
CVE-1999-0668,1999-08-21T04:00:00.000
CVE-2000-0355,1999-08-21T04:00:00.000
CVE-1999-0878,1999-08-22T04:00:00.000
CVE-1999-1064,1999-08-22T04:00:00.000
CVE-2000-0374,1999-08-22T04:00:00.000
CVE-1999-0720,1999-08-23T04:00:00.000
CVE-1999-1052,1999-08-24T04:00:00.000
CVE-2000-0328,1999-08-24T04:00:00.000
CVE-1999-0768,1999-08-25T04:00:00.000
CVE-1999-0769,1999-08-25T04:00:00.000
CVE-1999-0872,1999-08-25T04:00:00.000
CVE-1999-1235,1999-08-25T04:00:00.000
CVE-1999-0939,1999-08-26T04:00:00.000
CVE-1999-0911,1999-08-27T04:00:00.000
CVE-1999-1016,1999-08-27T04:00:00.000
CVE-1999-1354,1999-08-30T04:00:00.000
CVE-1999-1513,1999-08-30T04:00:00.000
CVE-1999-0774,1999-08-31T04:00:00.000
CVE-1999-1515,1999-08-31T04:00:00.000
CVE-1999-0669,1999-09-01T04:00:00.000
CVE-1999-0670,1999-09-01T04:00:00.000
CVE-1999-0705,1999-09-01T04:00:00.000
CVE-1999-0891,1999-09-01T04:00:00.000
CVE-1999-1129,1999-09-01T04:00:00.000
CVE-1999-0685,1999-09-02T04:00:00.000
CVE-1999-1356,1999-09-02T04:00:00.000
CVE-1999-1516,1999-09-02T04:00:00.000
CVE-1999-1564,1999-09-02T04:00:00.000
CVE-1999-0925,1999-09-03T04:00:00.000
CVE-1999-0926,1999-09-03T04:00:00.000
CVE-1999-1562,1999-09-05T04:00:00.000
CVE-2000-0489,1999-09-05T04:00:00.000
CVE-1999-1353,1999-09-07T04:00:00.000
CVE-1999-0767,1999-09-08T04:00:00.000
CVE-1999-0697,1999-09-09T04:00:00.000
CVE-1999-1377,1999-09-09T04:00:00.000
CVE-1999-0702,1999-09-10T04:00:00.000
CVE-1999-0910,1999-09-10T04:00:00.000
CVE-1999-1575,1999-09-10T04:00:00.000
CVE-1999-1521,1999-09-12T04:00:00.000
CVE-1999-0687,1999-09-13T04:00:00.000
CVE-1999-0689,1999-09-13T04:00:00.000
CVE-1999-0691,1999-09-13T04:00:00.000
CVE-1999-0750,1999-09-13T04:00:00.000
CVE-1999-0751,1999-09-13T04:00:00.000
CVE-1999-0759,1999-09-13T04:00:00.000
CVE-1999-1014,1999-09-13T04:00:00.000
CVE-1999-1053,1999-09-13T04:00:00.000
CVE-1999-0817,1999-09-15T04:00:00.000
CVE-1999-0704,1999-09-16T04:00:00.000
CVE-1999-0890,1999-09-16T04:00:00.000
CVE-1999-0907,1999-09-16T04:00:00.000
CVE-1999-0953,1999-09-16T04:00:00.000
CVE-1999-0954,1999-09-16T04:00:00.000
CVE-1999-0787,1999-09-17T04:00:00.000
CVE-1999-0886,1999-09-17T04:00:00.000
CVE-1999-0909,1999-09-20T04:00:00.000
CVE-1999-0708,1999-09-21T04:00:00.000
CVE-1999-0786,1999-09-22T04:00:00.000
CVE-1999-0912,1999-09-22T04:00:00.000
CVE-1999-0777,1999-09-23T04:00:00.000
CVE-1999-0906,1999-09-23T04:00:00.000
CVE-1999-0908,1999-09-23T04:00:00.000
CVE-1999-1013,1999-09-23T04:00:00.000
CVE-1999-1477,1999-09-23T04:00:00.000
CVE-1999-1534,1999-09-23T04:00:00.000
CVE-1999-1351,1999-09-24T04:00:00.000
CVE-1999-1484,1999-09-24T04:00:00.000
CVE-1999-1578,1999-09-24T04:00:00.000
CVE-1999-0788,1999-09-26T04:00:00.000
CVE-1999-0940,1999-09-27T04:00:00.000
CVE-1999-1576,1999-09-27T04:00:00.000
CVE-1999-0789,1999-09-28T04:00:00.000
CVE-1999-1352,1999-09-28T04:00:00.000
CVE-1999-1350,1999-09-29T04:00:00.000
CVE-1999-0931,1999-09-30T04:00:00.000
CVE-1999-0932,1999-09-30T04:00:00.000
CVE-1999-1469,1999-09-30T04:00:00.000
CVE-1999-1583,1999-09-30T04:00:00.000
CVE-1999-0794,1999-10-01T04:00:00.000
CVE-1999-0877,1999-10-01T04:00:00.000
CVE-1999-0879,1999-10-01T04:00:00.000
CVE-1999-0880,1999-10-01T04:00:00.000
CVE-1999-0933,1999-10-01T04:00:00.000
CVE-1999-1236,1999-10-01T04:00:00.000
CVE-1999-1500,1999-10-01T04:00:00.000
CVE-2000-0016,1999-10-01T04:00:00.000
CVE-2000-0047,1999-10-01T04:00:00.000
CVE-1999-0942,1999-10-04T04:00:00.000
CVE-1999-1454,1999-10-04T04:00:00.000
CVE-1999-1523,1999-10-04T04:00:00.000
CVE-1999-1540,1999-10-04T04:00:00.000
CVE-1999-1541,1999-10-04T04:00:00.000
CVE-1999-1542,1999-10-04T04:00:00.000
CVE-1999-1344,1999-10-05T04:00:00.000
CVE-1999-1345,1999-10-05T04:00:00.000
CVE-1999-1357,1999-10-05T04:00:00.000
CVE-1999-0791,1999-10-06T04:00:00.000
CVE-1999-1349,1999-10-06T04:00:00.000
CVE-1999-1346,1999-10-07T04:00:00.000
CVE-1999-1347,1999-10-07T04:00:00.000
CVE-1999-1522,1999-10-07T04:00:00.000
CVE-1999-1082,1999-10-08T04:00:00.000
CVE-1999-1083,1999-10-08T04:00:00.000
CVE-2000-0369,1999-10-08T04:00:00.000
CVE-1999-0893,1999-10-11T04:00:00.000
CVE-1999-1343,1999-10-13T04:00:00.000
CVE-2000-0356,1999-10-13T04:00:00.000
CVE-1999-0943,1999-10-15T04:00:00.000
CVE-1999-1342,1999-10-17T04:00:00.000
CVE-1999-1047,1999-10-18T04:00:00.000
CVE-1999-0895,1999-10-20T04:00:00.000
CVE-1999-0766,1999-10-21T04:00:00.000
CVE-1999-0905,1999-10-21T04:00:00.000
CVE-2000-0327,1999-10-21T04:00:00.000
CVE-1999-0951,1999-10-22T04:00:00.000
CVE-1999-1341,1999-10-22T04:00:00.000
CVE-2000-0362,1999-10-22T04:00:00.000
CVE-2000-0363,1999-10-22T04:00:00.000
CVE-1999-0900,1999-10-23T04:00:00.000
CVE-1999-0901,1999-10-23T04:00:00.000
CVE-1999-0902,1999-10-23T04:00:00.000
CVE-1999-0944,1999-10-24T04:00:00.000
CVE-1999-0883,1999-10-25T04:00:00.000
CVE-1999-0884,1999-10-25T04:00:00.000
CVE-1999-0881,1999-10-26T04:00:00.000
CVE-1999-0903,1999-10-26T04:00:00.000
CVE-1999-1076,1999-10-26T04:00:00.000
CVE-1999-1234,1999-10-26T04:00:00.000
CVE-1999-0882,1999-10-28T04:00:00.000
CVE-1999-0915,1999-10-28T04:00:00.000
CVE-1999-0950,1999-10-28T04:00:00.000
CVE-1999-1226,1999-10-28T04:00:00.000
CVE-1999-1532,1999-10-29T04:00:00.000
CVE-1999-0873,1999-10-30T04:00:00.000
CVE-1999-1577,1999-10-31T04:00:00.000
CVE-1999-0354,1999-11-01T05:00:00.000
CVE-1999-0827,1999-11-01T05:00:00.000
CVE-1999-0829,1999-11-01T05:00:00.000
CVE-1999-0830,1999-11-01T05:00:00.000
CVE-1999-0854,1999-11-01T05:00:00.000
CVE-1999-1077,1999-11-01T05:00:00.000
CVE-1999-1517,1999-11-01T05:00:00.000
CVE-1999-0946,1999-11-02T05:00:00.000
CVE-1999-0947,1999-11-02T05:00:00.000
CVE-1999-0948,1999-11-02T05:00:00.000
CVE-1999-0949,1999-11-02T05:00:00.000
CVE-1999-1531,1999-11-02T05:00:00.000
CVE-1999-0885,1999-11-03T05:00:00.000
CVE-1999-0904,1999-11-03T05:00:00.000
CVE-1999-0843,1999-11-04T05:00:00.000
CVE-1999-0887,1999-11-04T05:00:00.000
CVE-1999-0896,1999-11-04T05:00:00.000
CVE-1999-0898,1999-11-04T05:00:00.000
CVE-1999-0899,1999-11-04T05:00:00.000
CVE-1999-1065,1999-11-04T05:00:00.000
CVE-1999-1340,1999-11-04T05:00:00.000
CVE-1999-1509,1999-11-04T05:00:00.000
CVE-1999-1571,1999-11-04T05:00:00.000
CVE-1999-1529,1999-11-07T05:00:00.000
CVE-1999-1533,1999-11-07T05:00:00.000
CVE-1999-0821,1999-11-08T05:00:00.000
CVE-1999-0863,1999-11-08T05:00:00.000
CVE-1999-1530,1999-11-08T05:00:00.000
CVE-1999-1550,1999-11-08T05:00:00.000
CVE-2001-0679,1999-11-08T05:00:00.000
CVE-1999-0832,1999-11-09T05:00:00.000
CVE-1999-0983,1999-11-09T05:00:00.000
CVE-1999-0984,1999-11-09T05:00:00.000
CVE-1999-0985,1999-11-09T05:00:00.000
CVE-1999-1111,1999-11-09T05:00:00.000
CVE-1999-1112,1999-11-09T05:00:00.000
CVE-1999-0833,1999-11-10T05:00:00.000
CVE-1999-0835,1999-11-10T05:00:00.000
CVE-1999-0837,1999-11-10T05:00:00.000
CVE-1999-0848,1999-11-10T05:00:00.000
CVE-1999-0849,1999-11-10T05:00:00.000
CVE-1999-0851,1999-11-10T05:00:00.000
CVE-1999-1511,1999-11-10T05:00:00.000
CVE-1999-1539,1999-11-10T05:00:00.000
CVE-2000-0329,1999-11-11T05:00:00.000
CVE-1999-1050,1999-11-12T05:00:00.000
CVE-2000-0330,1999-11-12T05:00:00.000
CVE-2000-0165,1999-11-13T05:00:00.000
CVE-1999-1110,1999-11-14T05:00:00.000
CVE-1999-1528,1999-11-14T05:00:00.000
CVE-1999-1190,1999-11-15T05:00:00.000
CVE-1999-1051,1999-11-16T05:00:00.000
CVE-1999-1457,1999-11-16T05:00:00.000
CVE-1999-1508,1999-11-16T05:00:00.000
CVE-1999-1549,1999-11-16T05:00:00.000
CVE-1999-0793,1999-11-17T05:00:00.000
CVE-1999-1092,1999-11-17T05:00:00.000
CVE-1999-1519,1999-11-17T05:00:00.000
CVE-2000-0073,1999-11-17T05:00:00.000
CVE-1999-0987,1999-11-18T05:00:00.000
CVE-2000-0352,1999-11-18T05:00:00.000
CVE-1999-0831,1999-11-19T05:00:00.000
CVE-1999-0999,1999-11-19T05:00:00.000
CVE-1999-1475,1999-11-19T05:00:00.000
CVE-1999-0818,1999-11-20T05:00:00.000
CVE-1999-1058,1999-11-22T05:00:00.000
CVE-1999-1527,1999-11-23T05:00:00.000
CVE-2000-0531,1999-11-23T05:00:00.000
CVE-1999-0844,1999-11-24T05:00:00.000
CVE-1999-1163,1999-11-24T05:00:00.000
CVE-1999-1189,1999-11-24T05:00:00.000
CVE-1999-1548,1999-11-24T05:00:00.000
CVE-1999-0317,1999-11-25T05:00:00.000
CVE-1999-0845,1999-11-25T05:00:00.000
CVE-1999-1547,1999-11-25T05:00:00.000
CVE-1999-0387,1999-11-29T05:00:00.000
CVE-1999-0839,1999-11-29T05:00:00.000
CVE-1999-0842,1999-11-29T05:00:00.000
CVE-1999-0847,1999-11-29T05:00:00.000
CVE-1999-0822,1999-11-30T05:00:00.000
CVE-1999-0824,1999-11-30T05:00:00.000
CVE-1999-0840,1999-11-30T05:00:00.000
CVE-1999-0841,1999-11-30T05:00:00.000
CVE-1999-0819,1999-12-01T05:00:00.000
CVE-1999-0820,1999-12-01T05:00:00.000
CVE-1999-0823,1999-12-01T05:00:00.000
CVE-1999-0826,1999-12-01T05:00:00.000
CVE-1999-0834,1999-12-01T05:00:00.000
CVE-1999-0838,1999-12-01T05:00:00.000
CVE-1999-0846,1999-12-01T05:00:00.000
CVE-1999-0853,1999-12-01T05:00:00.000
CVE-1999-0855,1999-12-01T05:00:00.000
CVE-1999-0856,1999-12-01T05:00:00.000
CVE-1999-0857,1999-12-01T05:00:00.000
CVE-1999-0859,1999-12-01T05:00:00.000
CVE-1999-0860,1999-12-01T05:00:00.000
CVE-1999-0963,1999-12-01T05:00:00.000
CVE-2000-0004,1999-12-01T05:00:00.000
CVE-2000-0021,1999-12-01T05:00:00.000
CVE-1999-0828,1999-12-02T05:00:00.000
CVE-1999-0850,1999-12-02T05:00:00.000
CVE-1999-0852,1999-12-02T05:00:00.000
CVE-1999-0858,1999-12-02T05:00:00.000
CVE-1999-0862,1999-12-02T05:00:00.000
CVE-2000-0366,1999-12-02T05:00:00.000
CVE-1999-0825,1999-12-03T05:00:00.000
CVE-1999-0864,1999-12-03T05:00:00.000
CVE-1999-0865,1999-12-03T05:00:00.000
CVE-1999-0866,1999-12-03T05:00:00.000
CVE-2000-0139,1999-12-03T05:00:00.000
CVE-2000-0357,1999-12-03T05:00:00.000
CVE-2000-0358,1999-12-03T05:00:00.000
CVE-1999-0988,1999-12-04T05:00:00.000
CVE-1999-0982,1999-12-05T05:00:00.000
CVE-1999-0990,1999-12-05T05:00:00.000
CVE-1999-0989,1999-12-06T05:00:00.000
CVE-1999-0991,1999-12-06T05:00:00.000
CVE-1999-0973,1999-12-07T05:00:00.000
CVE-1999-0976,1999-12-07T05:00:00.000
CVE-1999-0981,1999-12-08T05:00:00.000
CVE-1999-0986,1999-12-08T05:00:00.000
CVE-1999-0972,1999-12-09T05:00:00.000
CVE-1999-0974,1999-12-09T05:00:00.000
CVE-1999-0978,1999-12-09T05:00:00.000
CVE-1999-0975,1999-12-10T05:00:00.000
CVE-1999-0977,1999-12-10T05:00:00.000
CVE-1999-0289,1999-12-12T05:00:00.000
CVE-1999-1009,1999-12-12T05:00:00.000
CVE-1999-0993,1999-12-13T05:00:00.000
CVE-1999-1003,1999-12-13T05:00:00.000
CVE-1999-1007,1999-12-13T05:00:00.000
CVE-1999-1010,1999-12-14T05:00:00.000
CVE-2000-0068,1999-12-14T05:00:00.000
CVE-2000-0361,1999-12-14T05:00:00.000
CVE-1999-0934,1999-12-15T05:00:00.000
CVE-1999-0935,1999-12-15T05:00:00.000
CVE-1999-0996,1999-12-15T05:00:00.000
CVE-1999-0994,1999-12-16T05:00:00.000
CVE-1999-0995,1999-12-16T05:00:00.000
CVE-1999-0998,1999-12-16T05:00:00.000
CVE-1999-1000,1999-12-16T05:00:00.000
CVE-1999-1001,1999-12-16T05:00:00.000
CVE-1999-1004,1999-12-16T05:00:00.000
CVE-1999-1005,1999-12-19T05:00:00.000
CVE-1999-1006,1999-12-19T05:00:00.000
CVE-1999-0997,1999-12-20T05:00:00.000
CVE-2000-0020,1999-12-20T05:00:00.000
CVE-1999-1497,1999-12-21T05:00:00.000
CVE-2000-0017,1999-12-21T05:00:00.000
CVE-2000-0022,1999-12-21T05:00:00.000
CVE-2000-0023,1999-12-21T05:00:00.000
CVE-2000-0024,1999-12-21T05:00:00.000
CVE-2000-0025,1999-12-21T05:00:00.000
CVE-2000-0026,1999-12-21T05:00:00.000
CVE-1999-1066,1999-12-22T05:00:00.000
CVE-1999-1109,1999-12-22T05:00:00.000
CVE-2000-0002,1999-12-22T05:00:00.000
CVE-2000-0018,1999-12-22T05:00:00.000
CVE-2000-0030,1999-12-22T05:00:00.000
CVE-2000-0032,1999-12-22T05:00:00.000
CVE-2000-0034,1999-12-22T05:00:00.000
CVE-2000-0036,1999-12-22T05:00:00.000
CVE-2000-0119,1999-12-22T05:00:00.000
CVE-2000-0001,1999-12-23T05:00:00.000
CVE-2000-0028,1999-12-23T05:00:00.000
CVE-2000-0038,1999-12-23T05:00:00.000
CVE-2000-0040,1999-12-23T05:00:00.000
CVE-1999-0892,1999-12-24T05:00:00.000
CVE-1999-0455,1999-12-25T05:00:00.000
CVE-1999-0477,1999-12-25T05:00:00.000
CVE-2000-0006,1999-12-25T05:00:00.000
CVE-2000-0008,1999-12-26T05:00:00.000
CVE-2000-0010,1999-12-26T05:00:00.000
CVE-2000-0012,1999-12-27T05:00:00.000
CVE-2000-0027,1999-12-27T05:00:00.000
CVE-2000-0029,1999-12-27T05:00:00.000
CVE-2000-0033,1999-12-27T05:00:00.000
CVE-2000-0060,1999-12-27T05:00:00.000
CVE-1999-1573,1999-12-28T05:00:00.000
CVE-2000-0014,1999-12-28T05:00:00.000
CVE-2000-0035,1999-12-28T05:00:00.000
CVE-2000-0037,1999-12-28T05:00:00.000
CVE-2000-0041,1999-12-28T05:00:00.000
CVE-2000-0007,1999-12-29T05:00:00.000
CVE-2000-0009,1999-12-29T05:00:00.000
CVE-2000-0039,1999-12-29T05:00:00.000
CVE-2000-0042,1999-12-29T05:00:00.000
CVE-2000-0100,1999-12-29T05:00:00.000
CVE-1999-0001,1999-12-30T05:00:00.000
CVE-2000-0003,1999-12-30T05:00:00.000
CVE-2000-0043,1999-12-30T05:00:00.000
CVE-2000-0076,1999-12-30T05:00:00.000
CVE-1999-0154,1999-12-31T05:00:00.000
CVE-1999-0808,1999-12-31T05:00:00.000
CVE-1999-0815,1999-12-31T05:00:00.000
CVE-1999-1035,1999-12-31T05:00:00.000
CVE-1999-1042,1999-12-31T05:00:00.000
CVE-1999-1043,1999-12-31T05:00:00.000
CVE-1999-1055,1999-12-31T05:00:00.000
CVE-1999-1074,1999-12-31T05:00:00.000
CVE-1999-1084,1999-12-31T05:00:00.000
CVE-1999-1087,1999-12-31T05:00:00.000
CVE-1999-1093,1999-12-31T05:00:00.000
CVE-1999-1094,1999-12-31T05:00:00.000
CVE-1999-1100,1999-12-31T05:00:00.000
CVE-1999-1102,1999-12-31T05:00:00.000
CVE-1999-1104,1999-12-31T05:00:00.000
CVE-1999-1105,1999-12-31T05:00:00.000
CVE-1999-1117,1999-12-31T05:00:00.000
CVE-1999-1124,1999-12-31T05:00:00.000
CVE-1999-1126,1999-12-31T05:00:00.000
CVE-1999-1127,1999-12-31T05:00:00.000
CVE-1999-1132,1999-12-31T05:00:00.000
CVE-1999-1148,1999-12-31T05:00:00.000
CVE-1999-1157,1999-12-31T05:00:00.000
CVE-1999-1167,1999-12-31T05:00:00.000
CVE-1999-1175,1999-12-31T05:00:00.000
CVE-1999-1177,1999-12-31T05:00:00.000
CVE-1999-1206,1999-12-31T05:00:00.000
CVE-1999-1222,1999-12-31T05:00:00.000
CVE-1999-1223,1999-12-31T05:00:00.000
CVE-1999-1233,1999-12-31T05:00:00.000
CVE-1999-1246,1999-12-31T05:00:00.000
CVE-1999-1259,1999-12-31T05:00:00.000
CVE-1999-1279,1999-12-31T05:00:00.000
CVE-1999-1287,1999-12-31T05:00:00.000
CVE-1999-1290,1999-12-31T05:00:00.000
CVE-1999-1293,1999-12-31T05:00:00.000
CVE-1999-1294,1999-12-31T05:00:00.000
CVE-1999-1300,1999-12-31T05:00:00.000
CVE-1999-1307,1999-12-31T05:00:00.000
CVE-1999-1315,1999-12-31T05:00:00.000
CVE-1999-1316,1999-12-31T05:00:00.000
CVE-1999-1317,1999-12-31T05:00:00.000
CVE-1999-1320,1999-12-31T05:00:00.000
CVE-1999-1324,1999-12-31T05:00:00.000
CVE-1999-1325,1999-12-31T05:00:00.000
CVE-1999-1327,1999-12-31T05:00:00.000
CVE-1999-1328,1999-12-31T05:00:00.000
CVE-1999-1329,1999-12-31T05:00:00.000
CVE-1999-1330,1999-12-31T05:00:00.000
CVE-1999-1331,1999-12-31T05:00:00.000
CVE-1999-1332,1999-12-31T05:00:00.000
CVE-1999-1333,1999-12-31T05:00:00.000
CVE-1999-1334,1999-12-31T05:00:00.000
CVE-1999-1335,1999-12-31T05:00:00.000
CVE-1999-1339,1999-12-31T05:00:00.000
CVE-1999-1355,1999-12-31T05:00:00.000
CVE-1999-1358,1999-12-31T05:00:00.000
CVE-1999-1359,1999-12-31T05:00:00.000
CVE-1999-1360,1999-12-31T05:00:00.000
CVE-1999-1362,1999-12-31T05:00:00.000
CVE-1999-1363,1999-12-31T05:00:00.000
CVE-1999-1364,1999-12-31T05:00:00.000
CVE-1999-1379,1999-12-31T05:00:00.000
CVE-1999-1382,1999-12-31T05:00:00.000
CVE-1999-1386,1999-12-31T05:00:00.000
CVE-1999-1444,1999-12-31T05:00:00.000
CVE-1999-1451,1999-12-31T05:00:00.000
CVE-1999-1452,1999-12-31T05:00:00.000
CVE-1999-1455,1999-12-31T05:00:00.000
CVE-1999-1456,1999-12-31T05:00:00.000
CVE-1999-1462,1999-12-31T05:00:00.000
CVE-1999-1464,1999-12-31T05:00:00.000
CVE-1999-1465,1999-12-31T05:00:00.000
CVE-1999-1472,1999-12-31T05:00:00.000
CVE-1999-1473,1999-12-31T05:00:00.000
CVE-1999-1474,1999-12-31T05:00:00.000
CVE-1999-1476,1999-12-31T05:00:00.000
CVE-1999-1481,1999-12-31T05:00:00.000
CVE-1999-1488,1999-12-31T05:00:00.000
CVE-1999-1512,1999-12-31T05:00:00.000
CVE-1999-1584,1999-12-31T05:00:00.000
CVE-1999-1585,1999-12-31T05:00:00.000
CVE-1999-1586,1999-12-31T05:00:00.000
CVE-1999-1587,1999-12-31T05:00:00.000
CVE-1999-1588,1999-12-31T05:00:00.000
CVE-1999-1589,1999-12-31T05:00:00.000
CVE-1999-1590,1999-12-31T05:00:00.000
CVE-1999-1591,1999-12-31T05:00:00.000
CVE-1999-1592,1999-12-31T05:00:00.000
CVE-2000-0011,1999-12-31T05:00:00.000
CVE-2000-0013,1999-12-31T05:00:00.000
CVE-2000-0015,1999-12-31T05:00:00.000
CVE-1999-0964,2000-01-01T05:00:00.000
CVE-2000-0069,2000-01-01T05:00:00.000
CVE-2000-0120,2000-01-01T05:00:00.000
CVE-2000-0077,2000-01-02T05:00:00.000
CVE-2000-0078,2000-01-02T05:00:00.000
CVE-2000-0082,2000-01-02T05:00:00.000
CVE-1999-0735,2000-01-04T05:00:00.000
CVE-1999-0744,2000-01-04T05:00:00.000
CVE-1999-0876,2000-01-04T05:00:00.000
CVE-1999-0894,2000-01-04T05:00:00.000
CVE-2000-0049,2000-01-04T05:00:00.000
CVE-2000-0050,2000-01-04T05:00:00.000
CVE-2000-0051,2000-01-04T05:00:00.000
CVE-2000-0052,2000-01-04T05:00:00.000
CVE-2000-0053,2000-01-04T05:00:00.000
CVE-2000-0057,2000-01-04T05:00:00.000
CVE-2000-0059,2000-01-04T05:00:00.000
CVE-2000-0062,2000-01-04T05:00:00.000
CVE-2000-0085,2000-01-04T05:00:00.000
CVE-2000-0056,2000-01-05T05:00:00.000
CVE-2000-0058,2000-01-05T05:00:00.000
CVE-2000-0044,2000-01-06T05:00:00.000
CVE-2000-0055,2000-01-06T05:00:00.000
CVE-2000-0084,2000-01-06T05:00:00.000
CVE-2000-0061,2000-01-07T05:00:00.000
CVE-2000-1220,2000-01-08T05:00:00.000
CVE-2000-1221,2000-01-08T05:00:00.000
CVE-2000-0046,2000-01-10T05:00:00.000
CVE-2000-0080,2000-01-10T05:00:00.000
CVE-2000-0081,2000-01-10T05:00:00.000
CVE-2000-0045,2000-01-11T05:00:00.000
CVE-2000-0067,2000-01-11T05:00:00.000
CVE-2000-0071,2000-01-11T05:00:00.000
CVE-2000-0074,2000-01-11T05:00:00.000
CVE-1999-1002,2000-01-12T05:00:00.000
CVE-2000-0048,2000-01-12T05:00:00.000
CVE-2000-0070,2000-01-12T05:00:00.000
CVE-2000-0087,2000-01-12T05:00:00.000
CVE-2000-0066,2000-01-13T05:00:00.000
CVE-2000-0075,2000-01-13T05:00:00.000
CVE-2000-0063,2000-01-17T05:00:00.000
CVE-2000-0064,2000-01-17T05:00:00.000
CVE-2000-0065,2000-01-17T05:00:00.000
CVE-2000-0072,2000-01-17T05:00:00.000
CVE-2000-0090,2000-01-17T05:00:00.000
CVE-1999-0992,2000-01-18T05:00:00.000
CVE-2000-0079,2000-01-18T05:00:00.000
CVE-2000-0086,2000-01-18T05:00:00.000
CVE-2000-0099,2000-01-18T05:00:00.000
CVE-2000-0092,2000-01-19T05:00:00.000
CVE-1999-0595,2000-01-20T05:00:00.000
CVE-2000-0088,2000-01-20T05:00:00.000
CVE-2000-0091,2000-01-21T05:00:00.000
CVE-2000-0093,2000-01-21T05:00:00.000
CVE-2000-0115,2000-01-21T05:00:00.000
CVE-2000-0095,2000-01-24T05:00:00.000
CVE-2000-0096,2000-01-26T05:00:00.000
CVE-2000-0097,2000-01-26T05:00:00.000
CVE-2000-0098,2000-01-26T05:00:00.000
CVE-2000-0126,2000-01-26T05:00:00.000
CVE-2000-0113,2000-01-27T05:00:00.000
CVE-2000-0130,2000-01-27T05:00:00.000
CVE-2000-1216,2000-01-27T05:00:00.000
CVE-2000-0111,2000-01-29T05:00:00.000
CVE-2000-0116,2000-01-29T05:00:00.000
CVE-2000-0117,2000-01-30T05:00:00.000
CVE-2000-0109,2000-01-31T05:00:00.000
CVE-2000-0132,2000-01-31T05:00:00.000
CVE-2000-0101,2000-02-01T05:00:00.000
CVE-2000-0102,2000-02-01T05:00:00.000
CVE-2000-0103,2000-02-01T05:00:00.000
CVE-2000-0104,2000-02-01T05:00:00.000
CVE-2000-0105,2000-02-01T05:00:00.000
CVE-2000-0106,2000-02-01T05:00:00.000
CVE-2000-0107,2000-02-01T05:00:00.000
CVE-2000-0108,2000-02-01T05:00:00.000
CVE-2000-0110,2000-02-01T05:00:00.000
CVE-2000-0121,2000-02-01T05:00:00.000
CVE-2000-0123,2000-02-01T05:00:00.000
CVE-2000-0131,2000-02-01T05:00:00.000
CVE-2000-0133,2000-02-01T05:00:00.000
CVE-2000-0134,2000-02-01T05:00:00.000
CVE-2000-0135,2000-02-01T05:00:00.000
CVE-2000-0136,2000-02-01T05:00:00.000
CVE-2000-0137,2000-02-01T05:00:00.000
CVE-2000-0151,2000-02-01T05:00:00.000
CVE-2000-0157,2000-02-01T05:00:00.000
CVE-2000-1205,2000-02-01T05:00:00.000
CVE-2000-0112,2000-02-02T05:00:00.000
CVE-2000-0114,2000-02-02T05:00:00.000
CVE-2000-0469,2000-02-02T05:00:00.000
CVE-2000-0122,2000-02-03T05:00:00.000
CVE-2000-0124,2000-02-03T05:00:00.000
CVE-2000-0125,2000-02-03T05:00:00.000
CVE-2000-0127,2000-02-03T05:00:00.000
CVE-2000-0218,2000-02-03T05:00:00.000
CVE-2000-0089,2000-02-04T05:00:00.000
CVE-2000-0128,2000-02-04T05:00:00.000
CVE-2000-0129,2000-02-04T05:00:00.000
CVE-2000-0145,2000-02-05T05:00:00.000
CVE-2000-0472,2000-02-06T05:00:00.000
CVE-2000-0144,2000-02-07T05:00:00.000
CVE-2000-0146,2000-02-07T05:00:00.000
CVE-2000-0147,2000-02-08T05:00:00.000
CVE-2000-0148,2000-02-08T05:00:00.000
CVE-2000-0149,2000-02-08T05:00:00.000
CVE-2000-0215,2000-02-08T05:00:00.000
CVE-2000-0140,2000-02-10T05:00:00.000
CVE-2000-0141,2000-02-11T05:00:00.000
CVE-2000-0142,2000-02-11T05:00:00.000
CVE-2000-0143,2000-02-11T05:00:00.000
CVE-2000-0150,2000-02-12T05:00:00.000
CVE-2000-0197,2000-02-14T05:00:00.000
CVE-2000-0167,2000-02-15T05:00:00.000
CVE-2000-0222,2000-02-15T05:00:00.000
CVE-2000-0224,2000-02-15T05:00:00.000
CVE-2000-0094,2000-02-16T05:00:00.000
CVE-2000-0154,2000-02-16T05:00:00.000
CVE-2000-0156,2000-02-16T05:00:00.000
CVE-2000-0158,2000-02-16T05:00:00.000
CVE-2000-0159,2000-02-17T05:00:00.000
CVE-2000-0155,2000-02-18T05:00:00.000
CVE-2000-0161,2000-02-18T05:00:00.000
CVE-2000-0162,2000-02-18T05:00:00.000
CVE-2000-0164,2000-02-20T05:00:00.000
CVE-2000-0160,2000-02-21T05:00:00.000
CVE-2000-0163,2000-02-21T05:00:00.000
CVE-2000-0166,2000-02-21T05:00:00.000
CVE-2000-0210,2000-02-21T05:00:00.000
CVE-2000-0182,2000-02-23T05:00:00.000
CVE-2000-0211,2000-02-23T05:00:00.000
CVE-2000-0213,2000-02-23T05:00:00.000
CVE-2000-0219,2000-02-23T05:00:00.000
CVE-2000-0194,2000-02-24T05:00:00.000
CVE-2000-0195,2000-02-24T05:00:00.000
CVE-2000-0212,2000-02-24T05:00:00.000
CVE-2000-0214,2000-02-24T05:00:00.000
CVE-2000-0217,2000-02-24T05:00:00.000
CVE-2000-0220,2000-02-24T05:00:00.000
CVE-2000-0221,2000-02-25T05:00:00.000
CVE-2000-0170,2000-02-26T05:00:00.000
CVE-2000-0187,2000-02-27T05:00:00.000
CVE-2000-0188,2000-02-27T05:00:00.000
CVE-2000-0209,2000-02-27T05:00:00.000
CVE-2000-0178,2000-02-28T05:00:00.000
CVE-2000-0179,2000-02-28T05:00:00.000
CVE-2000-0186,2000-02-28T05:00:00.000
CVE-2000-0196,2000-02-28T05:00:00.000
CVE-2000-0203,2000-02-28T05:00:00.000
CVE-2000-0204,2000-02-28T05:00:00.000
CVE-2000-0176,2000-02-29T05:00:00.000
CVE-2000-0191,2000-02-29T05:00:00.000
CVE-2000-0208,2000-02-29T05:00:00.000
CVE-2000-0216,2000-02-29T05:00:00.000
CVE-2000-0189,2000-03-01T05:00:00.000
CVE-2000-0201,2000-03-01T05:00:00.000
CVE-2000-0207,2000-03-01T05:00:00.000
CVE-1999-0693,2000-03-02T05:00:00.000
CVE-2000-0177,2000-03-02T05:00:00.000
CVE-2000-0190,2000-03-02T05:00:00.000
CVE-2000-0193,2000-03-02T05:00:00.000
CVE-2000-0172,2000-03-03T05:00:00.000
CVE-2000-0205,2000-03-03T05:00:00.000
CVE-2000-0168,2000-03-04T05:00:00.000
CVE-2000-0192,2000-03-05T05:00:00.000
CVE-2000-0206,2000-03-05T05:00:00.000
CVE-2000-0200,2000-03-06T05:00:00.000
CVE-2000-0225,2000-03-07T05:00:00.000
CVE-2000-0185,2000-03-08T05:00:00.000
CVE-2000-0202,2000-03-08T05:00:00.000
CVE-2000-0174,2000-03-09T05:00:00.000
CVE-2000-0175,2000-03-09T05:00:00.000
CVE-2000-0184,2000-03-09T05:00:00.000
CVE-2000-0173,2000-03-10T05:00:00.000
CVE-2000-0183,2000-03-10T05:00:00.000
CVE-2000-0223,2000-03-10T05:00:00.000
CVE-2000-0171,2000-03-11T05:00:00.000
CVE-2000-0181,2000-03-11T05:00:00.000
CVE-2000-0237,2000-03-11T05:00:00.000
CVE-2000-0230,2000-03-13T05:00:00.000
CVE-2000-0180,2000-03-14T05:00:00.000
CVE-2000-0199,2000-03-14T05:00:00.000
CVE-2000-0169,2000-03-15T05:00:00.000
CVE-2000-0198,2000-03-15T05:00:00.000
CVE-2000-0233,2000-03-15T05:00:00.000
CVE-2000-0239,2000-03-15T05:00:00.000
CVE-2000-0231,2000-03-16T05:00:00.000
CVE-2000-0228,2000-03-17T05:00:00.000
CVE-2000-0236,2000-03-17T05:00:00.000
CVE-2000-0238,2000-03-17T05:00:00.000
CVE-2000-0226,2000-03-20T05:00:00.000
CVE-2000-0613,2000-03-20T05:00:00.000
CVE-2000-0240,2000-03-21T05:00:00.000
CVE-2000-0241,2000-03-21T05:00:00.000
CVE-2000-0229,2000-03-22T05:00:00.000
CVE-2000-0247,2000-03-22T05:00:00.000
CVE-2000-0227,2000-03-23T05:00:00.000
CVE-2000-0242,2000-03-25T05:00:00.000
CVE-2000-0243,2000-03-25T05:00:00.000
CVE-2000-0281,2000-03-26T05:00:00.000
CVE-2000-0235,2000-03-27T05:00:00.000
CVE-2000-0245,2000-03-27T05:00:00.000
CVE-2000-0289,2000-03-27T05:00:00.000
CVE-2000-0244,2000-03-29T05:00:00.000
CVE-2000-0152,2000-03-30T05:00:00.000
CVE-2000-0232,2000-03-30T05:00:00.000
CVE-2000-0246,2000-03-30T05:00:00.000
CVE-2000-0234,2000-03-31T05:00:00.000
CVE-2000-0290,2000-03-31T05:00:00.000
CVE-2000-0296,2000-03-31T05:00:00.000
CVE-2000-0302,2000-03-31T05:00:00.000
CVE-1999-0790,2000-04-01T05:00:00.000
CVE-2000-0277,2000-04-03T04:00:00.000
CVE-2000-0280,2000-04-03T04:00:00.000
CVE-2000-0297,2000-04-03T04:00:00.000
CVE-2000-0634,2000-04-03T04:00:00.000
CVE-2000-0299,2000-04-04T04:00:00.000
CVE-2000-0255,2000-04-05T04:00:00.000
CVE-2000-0251,2000-04-06T04:00:00.000
CVE-2000-0300,2000-04-06T04:00:00.000
CVE-2000-0301,2000-04-06T04:00:00.000
CVE-2000-0279,2000-04-07T04:00:00.000
CVE-2000-0298,2000-04-07T04:00:00.000
CVE-2000-0273,2000-04-09T04:00:00.000
CVE-2000-0274,2000-04-10T04:00:00.000
CVE-2000-0275,2000-04-10T04:00:00.000
CVE-2000-0276,2000-04-10T04:00:00.000
CVE-2000-0294,2000-04-10T04:00:00.000
CVE-1999-0695,2000-04-11T04:00:00.000
CVE-1999-0699,2000-04-11T04:00:00.000
CVE-1999-0701,2000-04-11T04:00:00.000
CVE-1999-0979,2000-04-11T04:00:00.000
CVE-2000-0252,2000-04-11T04:00:00.000
CVE-2000-0253,2000-04-11T04:00:00.000
CVE-2000-0258,2000-04-12T04:00:00.000
CVE-2000-0259,2000-04-12T04:00:00.000
CVE-2000-0261,2000-04-12T04:00:00.000
CVE-2000-0262,2000-04-12T04:00:00.000
CVE-2000-0282,2000-04-12T04:00:00.000
CVE-2000-0283,2000-04-12T04:00:00.000
CVE-2000-0287,2000-04-12T04:00:00.000
CVE-2000-0288,2000-04-12T04:00:00.000
CVE-2000-0250,2000-04-14T04:00:00.000
CVE-2000-0254,2000-04-14T04:00:00.000
CVE-2000-0260,2000-04-14T04:00:00.000
CVE-2000-1218,2000-04-14T04:00:00.000
CVE-2000-0263,2000-04-16T04:00:00.000
CVE-2000-0284,2000-04-16T04:00:00.000
CVE-2000-0285,2000-04-16T04:00:00.000
CVE-2000-0286,2000-04-16T04:00:00.000
CVE-2000-0291,2000-04-16T04:00:00.000
CVE-2000-0264,2000-04-17T04:00:00.000
CVE-2000-0265,2000-04-17T04:00:00.000
CVE-2000-0083,2000-04-18T04:00:00.000
CVE-2000-0266,2000-04-18T04:00:00.000
CVE-2000-0269,2000-04-18T04:00:00.000
CVE-2000-0270,2000-04-18T04:00:00.000
CVE-2000-0271,2000-04-18T04:00:00.000
CVE-2000-0256,2000-04-19T04:00:00.000
CVE-2000-0257,2000-04-19T04:00:00.000
CVE-2000-0292,2000-04-19T04:00:00.000
CVE-2000-0267,2000-04-20T04:00:00.000
CVE-2000-0268,2000-04-20T04:00:00.000
CVE-2000-0272,2000-04-20T04:00:00.000
CVE-2000-0311,2000-04-20T04:00:00.000
CVE-2000-0331,2000-04-20T04:00:00.000
CVE-2000-0295,2000-04-21T04:00:00.000
CVE-2000-0318,2000-04-21T04:00:00.000
CVE-2000-0320,2000-04-21T04:00:00.000
CVE-2000-0336,2000-04-21T04:00:00.000
CVE-2000-0458,2000-04-22T04:00:00.000
CVE-2000-0459,2000-04-22T04:00:00.000
CVE-2000-0319,2000-04-23T04:00:00.000
CVE-2000-0338,2000-04-23T04:00:00.000
CVE-2000-0248,2000-04-24T04:00:00.000
CVE-2000-0316,2000-04-24T04:00:00.000
CVE-2000-0317,2000-04-24T04:00:00.000
CVE-2000-0321,2000-04-24T04:00:00.000
CVE-2000-0322,2000-04-24T04:00:00.000
CVE-2000-0334,2000-04-24T04:00:00.000
CVE-2000-0337,2000-04-24T04:00:00.000
CVE-2000-0339,2000-04-24T04:00:00.000
CVE-2000-0324,2000-04-25T04:00:00.000
CVE-2000-0326,2000-04-25T04:00:00.000
CVE-2000-0249,2000-04-26T04:00:00.000
CVE-2000-0380,2000-04-26T04:00:00.000
CVE-1999-0706,2000-04-27T04:00:00.000
CVE-2000-0429,2000-04-27T04:00:00.000
CVE-2000-0342,2000-04-28T04:00:00.000
CVE-2000-0340,2000-04-29T04:00:00.000
CVE-1999-0427,2000-05-01T04:00:00.000
CVE-2000-0341,2000-05-01T04:00:00.000
CVE-2000-0344,2000-05-01T04:00:00.000
CVE-2000-0401,2000-05-01T04:00:00.000
CVE-2000-0440,2000-05-01T04:00:00.000
CVE-2000-0447,2000-05-01T04:00:00.000
CVE-2000-0448,2000-05-01T04:00:00.000
CVE-2000-0449,2000-05-01T04:00:00.000
CVE-2000-0138,2000-05-02T04:00:00.000
CVE-2000-0293,2000-05-02T04:00:00.000
CVE-2000-0343,2000-05-02T04:00:00.000
CVE-2000-0346,2000-05-02T04:00:00.000
CVE-2000-0347,2000-05-02T04:00:00.000
CVE-2000-0385,2000-05-02T04:00:00.000
CVE-2000-0386,2000-05-02T04:00:00.000
CVE-2000-0433,2000-05-02T04:00:00.000
CVE-2000-0303,2000-05-03T04:00:00.000
CVE-2000-0332,2000-05-03T04:00:00.000
CVE-2000-0335,2000-05-03T04:00:00.000
CVE-2000-0345,2000-05-03T04:00:00.000
CVE-2000-0378,2000-05-03T04:00:00.000
CVE-2000-0425,2000-05-03T04:00:00.000
CVE-2000-0430,2000-05-03T04:00:00.000
CVE-2000-0414,2000-05-04T04:00:00.000
CVE-2000-0422,2000-05-04T04:00:00.000
CVE-2000-0427,2000-05-04T04:00:00.000
CVE-2000-0428,2000-05-04T04:00:00.000
CVE-2000-0381,2000-05-05T04:00:00.000
CVE-2000-0423,2000-05-05T04:00:00.000
CVE-2000-0426,2000-05-05T04:00:00.000
CVE-2000-0413,2000-05-06T04:00:00.000
CVE-2000-0382,2000-05-08T04:00:00.000
CVE-2000-0383,2000-05-08T04:00:00.000
CVE-2000-0384,2000-05-08T04:00:00.000
CVE-2000-0387,2000-05-09T04:00:00.000
CVE-2000-0304,2000-05-10T04:00:00.000
CVE-2000-0406,2000-05-10T04:00:00.000
CVE-2000-0409,2000-05-10T04:00:00.000
CVE-2000-0410,2000-05-10T04:00:00.000
CVE-2000-0411,2000-05-10T04:00:00.000
CVE-2000-0408,2000-05-11T04:00:00.000
CVE-2000-0416,2000-05-11T04:00:00.000
CVE-2000-0419,2000-05-11T04:00:00.000
CVE-2000-0420,2000-05-11T04:00:00.000
CVE-2000-0421,2000-05-11T04:00:00.000
CVE-2000-0439,2000-05-11T04:00:00.000
CVE-2000-0457,2000-05-11T04:00:00.000
CVE-2000-0407,2000-05-12T04:00:00.000
CVE-2000-0415,2000-05-12T04:00:00.000
CVE-2000-0400,2000-05-13T04:00:00.000
CVE-2000-0434,2000-05-13T04:00:00.000
CVE-2000-0435,2000-05-13T04:00:00.000
CVE-2000-0397,2000-05-15T04:00:00.000
CVE-2000-0424,2000-05-15T04:00:00.000
CVE-1999-0980,2000-05-16T04:00:00.000
CVE-2000-0379,2000-05-16T04:00:00.000
CVE-2000-0389,2000-05-16T04:00:00.000
CVE-2000-0390,2000-05-16T04:00:00.000
CVE-2000-0391,2000-05-16T04:00:00.000
CVE-2000-0392,2000-05-16T04:00:00.000
CVE-2000-0393,2000-05-16T04:00:00.000
CVE-2000-0395,2000-05-16T04:00:00.000
CVE-2000-0405,2000-05-16T04:00:00.000
CVE-2000-0432,2000-05-16T04:00:00.000
CVE-1999-1008,2000-05-17T04:00:00.000
CVE-2000-0350,2000-05-17T04:00:00.000
CVE-2000-0417,2000-05-17T04:00:00.000
CVE-2000-0464,2000-05-17T04:00:00.000
CVE-2000-0465,2000-05-17T04:00:00.000
CVE-2000-0394,2000-05-18T04:00:00.000
CVE-2000-0437,2000-05-18T04:00:00.000
CVE-2000-0450,2000-05-18T04:00:00.000
CVE-2000-0452,2000-05-18T04:00:00.000
CVE-2000-0453,2000-05-18T04:00:00.000
CVE-2000-0463,2000-05-18T04:00:00.000
CVE-2000-0305,2000-05-19T04:00:00.000
CVE-2000-0436,2000-05-19T04:00:00.000
CVE-2000-0451,2000-05-19T04:00:00.000
CVE-2000-0431,2000-05-22T04:00:00.000
CVE-2000-0438,2000-05-22T04:00:00.000
CVE-2000-0418,2000-05-23T04:00:00.000
CVE-2000-0551,2000-05-23T04:00:00.000
CVE-2000-0396,2000-05-24T04:00:00.000
CVE-2000-0398,2000-05-24T04:00:00.000
CVE-2000-0399,2000-05-24T04:00:00.000
CVE-2000-0441,2000-05-24T04:00:00.000
CVE-2000-0442,2000-05-24T04:00:00.000
CVE-2000-0443,2000-05-24T04:00:00.000
CVE-2000-0444,2000-05-24T04:00:00.000
CVE-2000-0445,2000-05-24T04:00:00.000
CVE-2000-0446,2000-05-24T04:00:00.000
CVE-2000-0491,2000-05-24T04:00:00.000
CVE-2000-0403,2000-05-25T04:00:00.000
CVE-2000-0404,2000-05-25T04:00:00.000
CVE-2000-0517,2000-05-26T04:00:00.000
CVE-2000-0553,2000-05-26T04:00:00.000
CVE-2000-0460,2000-05-27T04:00:00.000
CVE-2000-0456,2000-05-28T04:00:00.000
CVE-2000-0462,2000-05-28T04:00:00.000
CVE-2000-0454,2000-05-29T04:00:00.000
CVE-2000-0455,2000-05-29T04:00:00.000
CVE-2000-0461,2000-05-29T04:00:00.000
CVE-2000-0564,2000-05-29T04:00:00.000
